Weekdag,Aardgas,Ander,Nucleair,Olie,Steenkool,Water,Wind
Maandag,1964.5386099485725,526.1122992995212,4320.718913991843,0.5798165454867885,0.0,155.57299623160134,875.0534004256074
Dinsdag,2150.792445646871,528.6203975695214,4336.331749246053,0.6040609393710915,0.0,151.8647569077926,844.7814868940435
Woensdag,2181.061925975177,527.0861861702127,4335.248733333333,0.6221397606382979,0.0,147.53464982269503,857.4473763297872
Donderdag,2119.821835979071,525.5040311280596,4331.978550505498,0.4565783522525718,0.0,148.65087198474635,881.5325339216033
Vrijdag,1924.1372455937335,524.1517457272565,4333.118627559195,0.2851429143670999,0.0,147.99033006943208,933.3116786095782
Zaterdag,1388.468027560107,520.393104541407,4296.494162733748,0.11269933214603739,0.0,132.4068549866429,882.7999221727516
Zondag,1229.8440416073336,517.5466234870061,4299.093294766821,0.23392955678177285,0.0,113.53935310608757,875.0525278123888
