,Productgroep,2016-03,2016-04,2016-05,2016-06,2016-07,2016-08,2016-09,2016-10,2016-11,2016-12,2017-01,2017-02,2017-03,2017-04,2017-05,2017-06,2017-07,2017-08,2017-09,2017-10,2017-11,2017-12,2018-01,2018-02,2018-03,2018-04,2018-05,2018-06,2018-07,2018-08,2018-09,2018-10,2018-11,2018-12,2019-01,2019-02,2019-03,2019-04,2019-05,2019-06,2019-07,2019-08,2019-09,2019-10,2019-11,2019-12,2020-01,2020-02,2020-03,2020-04,2020-05,2020-06,2020-07,2020-08,2020-09,2020-10,2020-11,2020-12,2021-01,2021-02,2021-03,2021-04,2021-05,2021-06,2021-07,2021-08,2021-09,2021-10,2021-11,2021-12,2022-01,2022-02,2022-03,2022-04,2022-05,2022-06,2022-07,2022-08,2022-09,2022-10,2022-11,2022-12,2023-01,2023-02,2023-03,2023-04,2023-05,2023-06,2023-07,2023-08,2023-09,2023-10,2023-11,2023-12,2024-01,2024-02,2024-03,2024-04,2024-05,2024-06,2024-07,2024-08,2024-09,2024-10,2024-11,2024-12,2025-01,2025-02,2025-03,2025-04,2025-05,2025-06,2025-07,2025-08,2025-09,2025-10,2025-11,2025-12,2026-01,2026-02,Inflatie
0,Aardgas via netwerken (ND),-13.1%,-13.7%,-15.3%,-14.9%,-11.8%,-12.5%,-12.8%,-12.4%,-9.74%,-8.16%,-2.27%,2.63%,4.92%,7.41%,8.44%,6.25%,1.19%,0.97%,2.33%,5.73%,5.34%,4.71%,5.68%,3.61%,1.70%,2.85%,4.08%,6.48%,11.5%,12.8%,12.7%,18.6%,18.1%,14.6%,7.30%,5.59%,5.96%,0.79%,-1.05%,-2.91%,-9.89%,-11.6%,-12.0%,-17.2%,-17.5%,-15.6%,-14.7%,-16.1%,-17.4%,-16.2%,-16.7%,-17.0%,-15.9%,-15.8%,-14.4%,-10.7%,-9.21%,-8.43%,-1.73%,4.13%,7.12%,12.3%,16.1%,25.2%,38.8%,49.4%,48.9%,77.5%,116%,97.0%,154%,138%,149%,140%,131%,109%,97.0%,107%,135%,131%,64.3%,73.1%,-7.12%,-30.8%,-45.6%,-62.1%,-60.4%,-65.2%,-62.4%,-65.2%,-73.0%,-77.0%,-71.2%,-58.9%,-51.9%,-3.63%,29.0%,87.5%,84.4%,128%,114%,103%,138%,125%,111%,59.2%,93.3%,37.1%,25.4%,20.8%,12.6%,6.20%,3.02%,1.47%,-3.94%,-4.86%,-9.25%,-13.6%,-15.6%,-14.1%,-14.1%
1,Abonnementen op audiovisuele streamingdiensten en verhuur van audiovisuele inhoud (S),2.79%,2.79%,2.86%,2.86%,0.54%,1.10%,1.10%,1.10%,1.10%,1.10%,1.10%,0.63%,2.28%,2.28%,2.20%,2.20%,2.20%,2.96%,2.96%,2.96%,2.81%,2.81%,2.81%,2.72%,1.06%,1.06%,1.12%,1.12%,1.12%,3.04%,3.04%,3.04%,3.23%,3.23%,3.85%,3.76%,3.76%,3.76%,3.54%,3.54%,4.28%,1.86%,1.86%,1.86%,1.89%,1.89%,1.28%,1.14%,1.18%,1.69%,2.10%,2.10%,1.38%,0.77%,0.77%,3.71%,4.08%,4.08%,4.08%,4.35%,4.31%,3.79%,3.51%,3.51%,3.51%,4.24%,4.24%,1.28%,2.16%,2.16%,2.58%,2.58%,2.58%,3.27%,4.22%,5.42%,5.42%,4.47%,4.47%,5.25%,3.87%,3.87%,3.45%,3.45%,6.94%,6.23%,5.36%,4.02%,4.02%,4.02%,5.13%,4.35%,4.47%,4.47%,5.55%,5.55%,2.23%,2.23%,7.18%,7.37%,7.37%,7.37%,6.24%,7.92%,7.80%,7.79%,6.69%,6.69%,6.81%,7.62%,4.06%,4.00%,4.00%,4.00%,4.16%,2.54%,10.8%,9.59%,9.76%,9.76%,9.76%
2,Accessoires voor privévoertuigen (SD),0.98%,0.93%,0.93%,0.71%,0.89%,0.60%,0.36%,0.58%,0.67%,0.67%,0.64%,0.46%,0.60%,0.80%,0.64%,1.09%,1.06%,0.65%,0.99%,0.69%,0.51%,0.54%,0.63%,0.41%,0.11%,-0.01%,0.02%,-0.34%,-0.76%,-0.33%,-0.69%,-0.78%,-0.51%,-0.88%,-0.87%,-1.16%,-1.10%,-0.72%,-0.92%,-0.93%,-0.13%,-0.19%,-0.13%,0.03%,0.02%,0.30%,-0.08%,0.68%,0.75%,0.62%,0.83%,0.85%,0.33%,0.39%,0.82%,0.57%,0.58%,0.82%,1.11%,0.80%,0.71%,0.61%,0.62%,0.67%,0.75%,1.07%,1.29%,2.33%,2.43%,2.48%,2.48%,2.70%,3.13%,3.81%,4.05%,4.35%,4.36%,4.81%,5.03%,4.57%,4.52%,4.52%,4.51%,4.43%,4.08%,4.65%,4.69%,4.27%,4.26%,3.77%,3.39%,3.05%,2.96%,2.42%,2.65%,2.42%,2.31%,0.82%,0.46%,0.59%,0.65%,0.58%,0.40%,0.48%,0.63%,1.11%,0.71%,0.77%,0.79%,1.00%,1.11%,1.06%,1.05%,1.12%,1.23%,1.42%,1.17%,0.77%,1.31%,1.18%,1.18%
3,"Accommodatie verstrekt door kostscholen, universiteiten en andere onderwijsinstellingen (S)",1.29%,1.29%,1.29%,1.29%,1.29%,1.38%,1.57%,1.58%,1.58%,1.58%,1.58%,1.58%,1.58%,1.58%,1.58%,1.58%,1.58%,1.49%,0.89%,1.69%,1.72%,1.76%,1.76%,1.76%,1.76%,1.76%,1.76%,1.76%,1.76%,1.80%,2.24%,1.47%,1.44%,1.40%,1.40%,1.40%,1.40%,1.40%,1.40%,1.40%,1.40%,1.36%,1.14%,1.45%,1.59%,1.65%,1.65%,1.65%,1.65%,1.65%,1.65%,1.65%,1.65%,1.70%,1.01%,0.74%,0.60%,0.54%,0.54%,0.54%,0.54%,0.54%,0.54%,0.54%,0.57%,0.56%,0.49%,0.70%,0.65%,0.61%,0.63%,0.67%,0.68%,0.68%,0.91%,0.95%,1.07%,1.11%,3.38%,4.45%,4.62%,4.72%,4.88%,5.04%,5.24%,5.24%,5.21%,5.23%,5.17%,5.10%,10.9%,9.53%,9.41%,9.35%,9.16%,8.95%,8.74%,8.74%,8.52%,8.45%,8.63%,9.38%,2.03%,2.00%,2.00%,2.00%,2.00%,2.00%,2.00%,2.00%,2.00%,2.00%,1.75%,2.29%,3.09%,3.21%,3.41%,3.41%,3.41%,3.41%,3.41%
4,Andere tabaksproducten (ND),10.6%,10.7%,10.4%,10.3%,10.2%,9.45%,9.55%,9.39%,8.95%,8.96%,9.03%,8.77%,8.32%,9.43%,10.0%,10.3%,11.2%,10.4%,10.3%,10.4%,10.4%,10.4%,10.3%,10.7%,14.8%,13.3%,12.7%,12.2%,11.3%,12.3%,12.7%,12.8%,12.8%,13.3%,13.3%,13.1%,8.27%,7.20%,7.51%,10.1%,10.0%,10.3%,10.1%,9.80%,9.84%,9.30%,9.32%,8.07%,4.75%,4.18%,3.72%,1.39%,1.88%,2.03%,2.00%,1.25%,1.73%,1.83%,1.18%,4.22%,8.64%,10.4%,11.3%,11.5%,12.1%,12.4%,12.1%,13.2%,12.8%,13.0%,12.9%,7.17%,4.37%,3.60%,3.98%,7.53%,8.70%,8.72%,9.11%,8.85%,9.35%,10.5%,10.4%,11.6%,11.7%,14.7%,17.1%,14.3%,14.4%,15.8%,16.8%,17.0%,16.2%,16.1%,18.3%,20.0%,22.6%,24.5%,24.0%,24.9%,25.5%,25.2%,26.1%,28.1%,28.8%,27.7%,27.4%,27.1%,23.0%,14.8%,11.7%,9.69%,7.72%,6.27%,4.74%,2.92%,2.38%,2.30%,1.44%,2.31%,2.31%
5,Apparatuur voor mobiele telefonie (D),-4.03%,-2.29%,-2.95%,-2.96%,-3.81%,-3.97%,-4.85%,-5.94%,-6.06%,-6.01%,-5.38%,-4.60%,-4.22%,-3.95%,-4.02%,-3.45%,-3.60%,-3.24%,-1.99%,-1.67%,-1.14%,-1.41%,-1.40%,-2.28%,-2.69%,-6.83%,-5.54%,-5.11%,-6.28%,-3.94%,-3.92%,-4.36%,-4.15%,-3.81%,-4.71%,-3.68%,-2.71%,0.76%,-0.61%,-1.55%,-1.76%,-3.43%,-2.71%,-2.69%,-3.62%,-3.33%,-3.35%,-3.85%,-4.31%,-4.35%,-4.43%,-4.44%,-2.48%,-4.38%,-3.43%,-3.02%,-3.37%,-3.75%,-3.75%,-3.75%,-4.14%,-5.46%,-5.13%,-3.78%,-11.3%,-5.06%,-5.61%,-6.46%,-6.46%,-5.02%,-3.60%,-3.38%,-7.68%,-8.27%,-8.22%,-9.65%,-1.04%,-8.79%,-9.86%,-9.28%,-7.13%,-11.2%,-11.2%,-6.03%,-4.43%,-3.04%,-2.30%,-3.27%,-3.27%,-3.17%,-4.07%,-6.32%,-3.10%,-6.16%,-6.16%,-10.9%,-8.25%,-16.5%,-14.3%,-14.5%,-14.5%,-17.1%,-16.1%,-11.9%,-2.87%,-8.71%,-8.71%,-13.0%,-13.4%,-16.5%,-14.7%,-15.4%,-15.4%,-14.0%,-14.2%,-18.4%,-16.5%,-17.8%,-17.8%,-14.6%,-14.6%
7,Audio- en video-opname- en -weergaveapparatuur (D),-2.92%,-2.44%,-2.47%,-2.39%,-2.22%,-3.69%,-3.31%,-1.51%,-2.27%,-2.32%,-2.84%,-3.20%,-3.26%,-3.61%,-3.90%,-3.44%,-3.56%,-2.77%,-2.85%,-3.54%,-2.43%,-2.08%,-1.50%,-2.45%,-2.86%,-5.09%,-2.52%,-3.66%,-7.56%,-2.20%,-2.18%,-3.11%,-2.87%,-4.14%,-5.19%,-3.32%,-3.24%,-1.48%,-3.67%,-2.89%,1.27%,-4.33%,-4.15%,-4.25%,-4.48%,-3.82%,-3.29%,-4.05%,-4.75%,-4.27%,-4.46%,-4.17%,-4.71%,-4.08%,-3.97%,-3.53%,-3.16%,-2.37%,-2.12%,-1.14%,-4.72%,-5.74%,-6.62%,-8.88%,-8.89%,-8.95%,-8.39%,-7.42%,-9.56%,-10.8%,-11.1%,-12.0%,-11.3%,-12.4%,-13.1%,-12.0%,-11.4%,-11.5%,-11.0%,-12.9%,-14.5%,-9.45%,-9.01%,-12.2%,-12.2%,-11.5%,-12.6%,-12.8%,-12.8%,-12.2%,-13.3%,-9.44%,-4.97%,-8.90%,-8.90%,-6.99%,-3.44%,-10.7%,-10.4%,-12.9%,-12.9%,-13.3%,-12.1%,-12.6%,-8.19%,-13.9%,-13.9%,-13.0%,-12.7%,-17.7%,-16.3%,-15.1%,-15.1%,-13.8%,-12.7%,-12.0%,-8.62%,-12.7%,-12.7%,-9.56%,-9.56%
9,Babykleding (jonger dan 2 jaar) (SD),-0.13%,0.29%,0.23%,0.24%,0.22%,0.59%,0.42%,0.37%,0.41%,0.68%,-0.12%,-0.01%,-0.14%,-0.36%,-0.42%,-0.45%,0.54%,0.37%,0.74%,0.66%,0.75%,0.38%,-0.97%,-0.98%,-0.64%,-0.45%,-0.33%,-0.53%,-0.65%,-0.69%,-0.74%,-0.64%,-0.66%,-0.67%,0.41%,0.33%,0.52%,0.26%,0.08%,0.31%,0.37%,0.49%,0.67%,0.83%,0.80%,0.82%,0.73%,0.81%,0.58%,0.10%,0.10%,0.19%,0.69%,0.70%,-0.66%,-0.62%,-0.57%,-0.48%,-1.45%,-1.41%,-1.39%,-0.99%,-0.93%,-1.06%,-1.05%,-1.06%,-0.00%,-0.20%,-0.26%,-0.26%,-0.26%,0.72%,3.20%,1.09%,3.55%,2.52%,2.52%,1.37%,5.35%,5.01%,6.66%,9.46%,9.46%,4.98%,7.30%,9.68%,7.36%,7.77%,7.77%,1.94%,0.62%,4.27%,3.43%,1.13%,1.13%,-0.72%,2.24%,3.74%,-0.20%,1.65%,1.65%,8.41%,5.77%,4.03%,5.64%,6.87%,6.87%,7.92%,-4.12%,-5.09%,-1.95%,-1.27%,-1.27%,-0.36%,0.02%,3.60%,1.50%,-0.20%,-0.20%,-1.67%,-1.67%
10,Babyvoeding (ND),1.96%,1.58%,0.75%,2.32%,2.25%,1.46%,1.76%,2.41%,0.60%,2.58%,2.62%,4.13%,2.86%,1.64%,4.36%,1.84%,1.80%,1.41%,2.34%,2.29%,2.67%,-1.38%,-0.22%,1.78%,-0.05%,3.07%,-0.21%,0.91%,1.24%,4.29%,3.19%,0.94%,0.99%,5.64%,5.85%,1.52%,1.64%,1.89%,1.55%,1.15%,1.60%,-0.04%,0.67%,1.83%,2.96%,0.67%,1.12%,2.02%,2.51%,-0.31%,1.84%,1.94%,0.22%,1.94%,-0.80%,-2.23%,-0.28%,-0.44%,0.87%,-1.70%,-0.54%,-0.19%,-1.85%,-1.80%,-0.94%,-1.75%,-2.96%,0.37%,-1.79%,0.61%,1.14%,1.27%,4.09%,1.20%,6.46%,6.54%,5.89%,6.86%,8.66%,10.5%,12.0%,9.49%,11.0%,11.7%,14.7%,14.8%,10.8%,12.1%,12.4%,11.9%,9.58%,7.38%,5.48%,4.54%,1.23%,3.15%,-2.68%,-1.31%,-4.62%,-4.07%,-3.40%,-4.49%,-2.72%,-6.23%,-3.14%,-1.51%,-1.21%,-0.61%,-0.90%,-0.85%,-0.75%,-0.59%,-1.34%,-1.66%,-2.36%,-0.76%,-0.45%,-1.37%,-3.53%,-2.23%,-2.23%
11,Banden (SD),-4.58%,-4.70%,-3.14%,-1.57%,-1.04%,-0.07%,0.08%,1.32%,1.87%,1.96%,2.27%,3.54%,4.95%,5.24%,5.08%,4.24%,3.78%,3.13%,3.64%,3.38%,3.62%,3.62%,3.25%,2.98%,2.06%,2.00%,1.63%,1.33%,1.30%,0.81%,0.30%,-0.08%,-0.78%,-0.82%,-0.73%,-0.46%,-0.25%,-0.18%,-0.10%,0.17%,0.35%,0.31%,0.47%,0.50%,0.32%,0.37%,0.55%,0.18%,0.09%,0.16%,-0.09%,-0.23%,-0.39%,0.17%,0.01%,-0.04%,0.16%,0.06%,0.24%,0.13%,0.18%,0.39%,0.41%,0.39%,0.44%,0.86%,1.83%,2.23%,1.74%,1.60%,1.54%,3.26%,4.76%,6.48%,7.27%,8.58%,9.14%,9.50%,9.18%,10.2%,11.5%,11.9%,12.0%,11.4%,10.8%,9.74%,10.6%,9.67%,9.28%,8.49%,8.25%,7.34%,6.58%,6.91%,6.92%,5.39%,4.61%,3.89%,1.82%,1.41%,0.83%,0.84%,0.42%,0.35%,0.31%,-0.17%,-0.39%,0.36%,0.25%,0.36%,0.82%,0.72%,0.98%,0.68%,0.81%,-0.09%,0.09%,0.63%,1.38%,1.32%,1.32%
12,Beddengoed (SD),0.50%,0.48%,0.47%,0.36%,0.91%,0.81%,0.64%,1.01%,1.11%,1.19%,0.71%,1.04%,1.35%,0.96%,1.39%,1.49%,1.64%,1.92%,1.79%,1.46%,1.64%,1.39%,1.50%,0.83%,0.40%,0.59%,0.32%,0.44%,-1.07%,-1.22%,-0.99%,-0.83%,-0.89%,-0.74%,-0.09%,0.28%,0.32%,0.42%,0.81%,0.70%,2.19%,2.18%,2.22%,2.13%,2.17%,2.29%,2.47%,2.32%,2.34%,2.19%,1.61%,1.45%,1.05%,1.09%,0.84%,0.78%,0.47%,0.55%,-0.00%,0.03%,-0.03%,-0.04%,0.04%,0.03%,0.06%,0.06%,0.98%,1.54%,1.82%,1.84%,1.84%,2.00%,3.23%,3.50%,4.25%,4.46%,4.46%,4.60%,4.62%,4.39%,4.74%,5.03%,5.08%,5.34%,5.50%,5.17%,4.34%,4.58%,4.58%,4.37%,3.93%,4.07%,3.66%,2.97%,2.92%,2.56%,0.97%,1.22%,1.24%,0.87%,0.87%,0.58%,0.09%,-0.59%,-0.23%,0.07%,0.07%,-0.59%,-0.18%,-0.22%,-0.01%,0.16%,0.16%,0.74%,1.08%,1.16%,0.62%,0.64%,0.64%,1.28%,1.28%
13,Behandelingsapparaten voor persoonlijk gebruik (ND),1.96%,0.26%,0.29%,1.59%,0.15%,1.04%,-1.22%,0.31%,1.64%,1.65%,0.33%,-0.78%,-1.39%,1.53%,-0.51%,-0.11%,0.31%,1.20%,2.10%,1.46%,1.14%,0.71%,1.79%,1.33%,2.04%,1.30%,1.17%,0.82%,0.57%,0.16%,-1.43%,0.10%,0.08%,-0.69%,-0.98%,-0.13%,1.03%,0.12%,1.24%,1.52%,1.72%,1.04%,2.15%,1.11%,1.37%,2.87%,2.48%,2.11%,1.68%,4.20%,3.48%,4.13%,4.31%,3.73%,5.15%,3.52%,3.50%,3.81%,2.97%,3.03%,2.31%,0.73%,0.48%,-0.18%,-1.62%,-0.03%,-0.59%,1.41%,1.84%,0.36%,0.05%,1.47%,2.83%,2.18%,3.99%,4.04%,5.74%,5.70%,6.57%,5.87%,5.77%,4.12%,5.80%,5.33%,4.59%,4.69%,3.49%,2.59%,2.54%,2.19%,2.40%,2.23%,1.86%,4.96%,3.85%,0.74%,6.00%,5.93%,0.82%,5.84%,1.53%,4.16%,2.43%,3.77%,3.83%,4.40%,4.97%,5.30%,2.30%,4.96%,9.53%,2.64%,6.94%,3.34%,3.59%,2.92%,3.41%,1.11%,7.54%,10.5%,10.5%
14,"Bejaardentehuizen en tehuizen voor personen met een handicap, zonder medische verzorging (S)",1.75%,1.50%,1.66%,1.85%,1.84%,2.02%,2.05%,2.09%,2.13%,2.14%,2.24%,2.14%,2.13%,2.12%,2.03%,2.15%,2.22%,2.24%,2.27%,2.43%,2.40%,2.52%,2.47%,2.46%,2.48%,2.39%,2.37%,2.17%,2.33%,2.29%,2.21%,2.06%,2.04%,1.93%,1.91%,2.09%,2.14%,2.20%,2.29%,2.38%,2.13%,2.11%,2.08%,2.02%,2.01%,2.02%,2.00%,1.82%,1.77%,1.66%,1.57%,1.43%,1.40%,1.40%,1.39%,1.43%,1.45%,1.33%,1.21%,0.97%,0.88%,0.85%,0.80%,0.83%,0.88%,0.92%,0.93%,1.09%,1.10%,1.22%,1.44%,1.73%,1.94%,2.05%,2.21%,3.11%,3.79%,4.70%,5.08%,5.51%,5.71%,6.37%,6.99%,7.54%,7.59%,8.08%,8.35%,7.91%,7.64%,7.61%,7.63%,7.35%,7.34%,7.31%,6.74%,6.13%,6.06%,5.70%,5.30%,5.02%,4.80%,4.17%,3.98%,3.75%,3.63%,3.36%,3.31%,3.43%,3.35%,3.33%,3.41%,3.38%,3.46%,3.45%,3.34%,3.29%,3.26%,3.14%,3.05%,2.95%,2.95%
15,Benzine (ND),-13.5%,-10.6%,-10.9%,-9.18%,-12.2%,-12.2%,-3.73%,-0.22%,-1.78%,2.85%,11.6%,16.3%,14.7%,8.92%,4.14%,1.06%,1.56%,6.52%,6.95%,2.01%,7.98%,3.42%,-0.52%,-1.23%,-2.19%,2.16%,6.26%,9.08%,10.6%,10.2%,7.07%,10.2%,0.55%,-2.90%,-5.90%,-4.58%,1.39%,2.01%,3.40%,-2.75%,-2.02%,-4.09%,-5.68%,-4.95%,-0.12%,5.69%,10.6%,4.68%,-5.63%,-19.8%,-19.4%,-10.6%,-7.28%,-5.83%,-3.96%,-5.46%,-8.22%,-6.54%,-8.24%,-1.55%,10.9%,25.1%,22.6%,15.7%,15.3%,15.6%,16.6%,23.3%,32.4%,22.3%,25.5%,26.0%,25.7%,21.0%,29.2%,39.4%,27.4%,15.9%,9.27%,11.2%,11.1%,5.83%,3.31%,1.95%,-4.50%,0.95%,-9.63%,-15.1%,-11.1%,2.78%,9.46%,-0.70%,-9.01%,-2.86%,-6.18%,-4.25%,-0.99%,0.86%,2.46%,-3.32%,-2.08%,-10.7%,-16.0%,-11.9%,-8.56%,-3.58%,-0.07%,-2.57%,-8.34%,-12.2%,-11.2%,-7.97%,-7.58%,-3.94%,-0.25%,-1.65%,-0.15%,-2.18%,-7.05%,-6.57%,-6.57%
16,"Bereidingen van vlees, orgaanvlees, bloed en andere delen van geslachte dieren (ND)",1.67%,0.51%,0.79%,1.36%,2.00%,1.62%,1.07%,0.95%,1.13%,1.11%,1.36%,0.57%,1.28%,2.26%,2.35%,2.13%,0.34%,1.83%,1.82%,2.71%,1.92%,2.11%,2.43%,2.29%,1.81%,2.35%,1.09%,2.01%,2.74%,1.81%,1.76%,0.19%,0.99%,1.98%,0.66%,2.64%,1.45%,1.11%,2.18%,1.35%,1.77%,1.45%,2.10%,2.50%,2.59%,1.76%,3.17%,3.17%,4.34%,5.86%,3.78%,2.96%,3.56%,3.42%,2.48%,4.68%,3.04%,1.77%,1.19%,0.79%,0.09%,0.75%,0.04%,1.37%,1.66%,1.30%,0.79%,1.56%,0.95%,0.47%,2.53%,2.61%,3.45%,4.64%,6.59%,8.04%,9.80%,9.25%,9.99%,12.4%,14.3%,12.2%,13.9%,14.3%,14.6%,13.6%,11.5%,11.6%,9.93%,11.8%,9.24%,7.59%,6.18%,7.96%,5.67%,4.40%,4.26%,0.10%,2.19%,0.73%,-1.22%,-1.46%,0.18%,-1.99%,-0.57%,1.07%,1.60%,2.12%,1.53%,1.67%,2.86%,3.47%,5.61%,4.57%,5.43%,4.40%,5.02%,4.44%,2.48%,2.89%,2.89%
17,"Bessen, vers (ND)",19.6%,7.08%,3.42%,0.56%,5.25%,9.16%,7.46%,6.00%,5.01%,1.28%,1.23%,1.59%,-5.74%,-7.53%,-11.6%,-14.7%,-7.22%,-7.17%,-8.45%,-5.27%,0.68%,3.71%,3.66%,5.09%,2.33%,4.08%,11.7%,11.8%,3.19%,1.64%,13.8%,9.06%,3.23%,-0.46%,-0.17%,-2.71%,-1.04%,-2.10%,-2.88%,-2.29%,3.08%,4.19%,-5.22%,-6.38%,-2.14%,0.52%,2.82%,4.84%,4.64%,11.8%,13.1%,15.8%,16.0%,10.7%,12.7%,8.82%,3.14%,-1.33%,-2.99%,-5.64%,-6.87%,-5.33%,-7.22%,-7.69%,-7.46%,-5.47%,-8.36%,-6.12%,-4.80%,-2.67%,-0.24%,4.39%,5.03%,0.72%,1.13%,2.32%,4.68%,3.57%,4.55%,9.50%,12.8%,7.61%,11.1%,9.36%,9.30%,14.6%,14.4%,16.7%,14.0%,12.4%,8.30%,7.93%,11.0%,10.3%,4.28%,2.08%,3.26%,-7.86%,-1.87%,-8.03%,-7.11%,-2.84%,1.58%,-2.69%,-4.08%,0.65%,-0.09%,0.10%,-3.24%,-0.41%,-5.14%,0.55%,-1.07%,-2.04%,-2.33%,-1.55%,-2.42%,-0.93%,-13.1%,-7.98%,-7.98%
19,Bezorging van brieven (S),2.78%,2.78%,2.78%,2.78%,2.78%,2.78%,2.78%,2.78%,2.78%,2.78%,13.5%,0.00%,0.00%,0.00%,0.00%,0.00%,0.00%,0.00%,0.00%,0.00%,0.00%,0.00%,-11.9%,0.00%,13.5%,13.5%,13.5%,13.5%,13.5%,13.5%,13.5%,13.5%,13.5%,13.5%,27.7%,27.7%,12.5%,12.5%,12.5%,12.5%,12.5%,12.5%,12.5%,12.5%,12.5%,12.5%,13.8%,13.8%,13.8%,13.8%,13.8%,13.8%,13.8%,13.8%,13.8%,13.8%,13.8%,13.8%,18.1%,18.1%,18.1%,18.1%,18.1%,18.1%,18.1%,18.1%,18.1%,18.1%,18.1%,18.1%,2.36%,2.36%,2.36%,2.36%,2.36%,2.36%,2.36%,2.36%,2.36%,2.36%,2.36%,2.36%,16.6%,16.6%,16.6%,16.6%,16.6%,16.6%,16.6%,16.6%,16.6%,16.6%,16.6%,16.6%,5.01%,5.01%,5.01%,5.01%,5.01%,5.01%,5.01%,5.01%,5.01%,5.01%,5.01%,5.01%,4.15%,4.15%,4.15%,4.15%,4.15%,4.15%,4.15%,4.15%,4.15%,4.15%,4.15%,4.15%,9.05%,9.05%,9.05%
20,Bier (ND),7.53%,5.49%,4.96%,5.47%,4.84%,4.70%,4.66%,3.96%,1.49%,3.49%,2.18%,2.42%,-0.18%,2.13%,1.33%,-0.71%,1.82%,0.21%,1.01%,0.38%,2.95%,0.77%,3.15%,-0.45%,3.91%,1.10%,1.67%,3.36%,1.13%,4.07%,1.59%,3.68%,1.90%,2.54%,2.27%,1.97%,-1.48%,-0.32%,0.79%,-2.10%,-0.14%,-0.24%,-0.86%,-0.34%,0.34%,-0.55%,-0.43%,1.95%,2.15%,4.27%,5.66%,1.53%,4.10%,3.23%,5.13%,5.22%,4.05%,4.51%,4.67%,2.39%,2.30%,0.35%,-0.07%,-0.61%,-1.34%,-0.37%,0.01%,1.43%,1.41%,3.24%,2.93%,6.34%,5.13%,5.88%,6.91%,10.2%,7.06%,7.33%,6.55%,8.48%,11.5%,13.4%,12.5%,9.25%,11.2%,6.51%,9.83%,9.09%,8.30%,6.45%,5.48%,1.47%,1.66%,3.78%,6.89%,8.08%,7.71%,11.8%,2.86%,5.13%,9.44%,9.43%,11.7%,10.0%,7.65%,2.77%,2.52%,2.82%,3.78%,-1.60%,-0.07%,2.07%,2.38%,0.82%,1.11%,3.39%,2.06%,1.92%,-0.62%,-1.13%,-1.13%
21,"Blad- of stengelgroenten, vers of gekoeld (ND)",-0.79%,0.50%,4.38%,2.55%,4.96%,8.67%,2.68%,-4.05%,-2.26%,7.10%,12.4%,19.0%,13.3%,-4.66%,-3.86%,-2.39%,-4.61%,-4.14%,-4.09%,-3.10%,-3.55%,-5.24%,-7.98%,-14.7%,-11.7%,-2.92%,-5.45%,-2.38%,1.06%,-1.12%,5.57%,3.74%,3.40%,3.97%,3.58%,6.19%,4.94%,2.09%,5.53%,6.91%,4.18%,6.10%,0.42%,-2.74%,-4.00%,-4.12%,-2.46%,-0.54%,2.29%,6.96%,8.90%,9.01%,8.38%,5.05%,4.29%,8.31%,7.49%,2.97%,-2.73%,-1.27%,-3.15%,-4.71%,-5.98%,-7.50%,-3.76%,-2.18%,-0.86%,-3.30%,-2.48%,0.92%,3.06%,1.74%,3.81%,2.26%,4.95%,5.89%,5.77%,4.69%,4.97%,11.8%,16.3%,16.1%,14.8%,16.0%,23.1%,23.9%,23.8%,20.3%,20.5%,22.3%,15.3%,8.94%,8.89%,8.44%,11.1%,8.41%,-2.37%,-6.31%,-6.53%,-1.53%,-1.92%,-2.48%,2.89%,5.15%,3.49%,2.34%,2.09%,-0.25%,1.07%,-1.49%,-0.27%,0.40%,0.26%,0.73%,1.30%,-1.34%,-2.31%,-2.18%,-1.21%,-3.97%,-3.97%
22,Boter en andere van melk afkomstige oliën en vetten (ND),-0.51%,-0.09%,-0.95%,-1.69%,-0.16%,1.45%,1.35%,6.50%,7.29%,8.18%,12.4%,11.1%,12.2%,10.6%,15.4%,19.0%,21.2%,24.7%,29.6%,28.6%,29.5%,25.3%,22.3%,18.6%,14.4%,19.8%,18.5%,19.6%,17.3%,13.3%,9.37%,6.53%,4.52%,4.05%,2.21%,3.90%,7.44%,4.51%,5.15%,-0.50%,-2.19%,-0.48%,-6.77%,-3.22%,-1.93%,-0.53%,-0.83%,1.84%,1.06%,0.81%,-0.70%,0.90%,-1.70%,-1.77%,2.47%,-0.32%,-0.93%,3.26%,1.81%,-1.52%,-2.82%,-1.82%,-0.23%,1.07%,3.56%,2.89%,1.97%,2.40%,3.22%,4.59%,5.00%,14.4%,12.6%,13.7%,16.9%,21.0%,22.2%,21.7%,25.9%,26.3%,25.8%,31.9%,27.3%,21.9%,24.9%,19.0%,14.0%,11.3%,8.54%,8.38%,4.79%,3.00%,-0.03%,-0.83%,9.88%,5.40%,8.07%,3.79%,7.36%,3.98%,6.75%,9.97%,11.4%,14.3%,18.5%,9.49%,10.1%,11.2%,8.83%,12.9%,10.6%,11.2%,10.3%,6.13%,7.06%,2.35%,1.77%,0.85%,-1.94%,-4.19%,-4.19%
23,Brood en bakkerijproducten (ND),1.07%,1.47%,1.13%,1.41%,1.01%,0.79%,1.18%,0.99%,1.51%,1.54%,1.01%,1.14%,0.82%,0.52%,0.57%,0.60%,1.32%,0.88%,1.16%,1.07%,0.77%,1.49%,1.91%,1.51%,1.89%,2.35%,2.36%,2.31%,1.78%,1.57%,1.44%,2.23%,2.12%,1.82%,1.75%,1.90%,1.33%,1.17%,1.14%,1.25%,1.31%,2.27%,1.58%,0.94%,1.20%,1.09%,0.87%,1.51%,1.25%,1.08%,1.48%,1.03%,1.16%,1.94%,1.32%,0.96%,1.01%,0.76%,1.18%,0.32%,0.42%,0.51%,0.30%,0.68%,0.65%,1.09%,0.80%,1.43%,1.64%,1.90%,3.97%,4.41%,4.82%,8.33%,9.86%,11.1%,11.3%,12.2%,12.8%,13.9%,15.4%,15.5%,17.6%,18.6%,19.2%,16.0%,14.4%,14.0%,13.5%,12.7%,11.1%,9.55%,8.27%,7.40%,4.34%,3.38%,2.85%,0.91%,0.59%,0.05%,0.39%,-0.76%,0.27%,1.06%,1.51%,2.50%,2.54%,3.00%,3.10%,3.56%,3.81%,3.59%,3.56%,3.21%,4.44%,3.83%,3.08%,3.10%,1.23%,-0.23%,-0.23%
24,Cacaodranken (ND),9.19%,9.92%,7.25%,5.75%,3.68%,2.29%,0.79%,-1.60%,0.90%,1.67%,-0.26%,-0.81%,0.24%,1.84%,2.34%,2.65%,1.05%,3.01%,3.63%,3.19%,2.37%,3.29%,3.48%,2.57%,0.24%,1.72%,1.63%,0.95%,0.27%,1.22%,-1.41%,3.87%,2.38%,0.71%,2.25%,1.66%,5.26%,-2.91%,2.23%,-0.61%,3.07%,0.64%,3.93%,-0.10%,-1.04%,1.47%,-7.68%,-1.33%,2.41%,3.20%,1.68%,2.89%,3.55%,4.57%,2.39%,5.78%,5.19%,2.13%,6.50%,2.86%,2.10%,-0.64%,-6.20%,-0.66%,-1.84%,-2.66%,-2.84%,-3.98%,3.16%,-5.21%,-0.09%,1.87%,2.44%,4.06%,-0.81%,5.95%,9.02%,17.3%,14.3%,18.3%,18.7%,19.7%,25.0%,17.0%,26.7%,25.0%,31.8%,20.9%,16.7%,14.9%,10.2%,7.28%,4.23%,7.04%,3.52%,4.64%,-8.43%,-2.81%,-0.36%,-2.42%,-2.42%,-7.74%,-0.82%,-2.23%,-7.59%,4.03%,5.25%,5.14%,6.25%,4.25%,4.88%,1.85%,3.47%,0.53%,4.85%,4.83%,2.95%,2.07%,-1.17%,0.34%,0.34%
25,Camera’s (D),-2.54%,-2.80%,-2.53%,-1.75%,-1.74%,-0.92%,0.27%,0.56%,0.35%,0.03%,-1.02%,1.68%,-0.09%,0.77%,-1.65%,-2.81%,-3.20%,-4.15%,-5.56%,-5.32%,-5.08%,-4.76%,-3.94%,-4.69%,-4.63%,-5.05%,-3.06%,-2.97%,-2.81%,-1.50%,-1.55%,-1.11%,-1.23%,-1.73%,-2.10%,-2.00%,-1.75%,-1.56%,-2.17%,-2.61%,-2.58%,-3.25%,-3.86%,-4.03%,-3.61%,-3.32%,-3.11%,-2.22%,-1.72%,-1.68%,0.32%,1.92%,0.74%,0.40%,2.58%,2.51%,2.30%,2.05%,2.19%,1.34%,3.25%,4.44%,2.92%,3.42%,3.30%,3.86%,3.08%,3.57%,3.83%,5.17%,4.99%,5.57%,3.48%,3.51%,2.78%,3.15%,4.47%,5.46%,5.24%,3.97%,4.50%,3.65%,3.65%,3.47%,2.72%,2.65%,3.64%,1.95%,1.95%,1.07%,1.79%,1.50%,1.02%,1.43%,1.43%,1.49%,2.45%,1.37%,1.80%,1.89%,1.77%,2.60%,1.96%,2.52%,1.65%,0.02%,0.02%,1.83%,1.78%,1.97%,-0.50%,-1.54%,-1.42%,-0.38%,-1.64%,-1.75%,-1.69%,-0.48%,-0.48%,-1.10%,-1.10%
26,"Chocolade, cacao en voedingsmiddelen op basis van cacao (ND)",1.30%,1.65%,1.36%,1.98%,0.99%,2.09%,1.08%,0.74%,1.10%,2.20%,1.79%,0.23%,-0.71%,1.79%,0.79%,0.80%,2.70%,1.74%,0.10%,-0.08%,1.50%,1.66%,2.20%,-0.40%,2.47%,1.75%,2.15%,2.65%,1.97%,2.22%,1.41%,2.44%,1.69%,1.04%,1.41%,1.60%,2.16%,-1.62%,-0.62%,-0.27%,0.52%,1.45%,0.74%,0.54%,1.26%,0.43%,-0.66%,-1.50%,0.81%,1.63%,2.26%,1.81%,1.68%,3.06%,1.95%,1.07%,1.68%,1.27%,3.16%,-0.66%,-0.37%,0.48%,-0.08%,0.40%,-0.42%,3.00%,-1.57%,0.59%,0.03%,1.07%,0.64%,1.73%,2.87%,2.96%,0.84%,4.28%,5.52%,7.06%,5.04%,8.52%,6.68%,8.05%,9.48%,8.40%,12.3%,12.0%,13.3%,15.3%,13.3%,14.3%,6.00%,7.84%,10.1%,8.38%,6.84%,12.3%,5.97%,3.59%,5.53%,1.00%,4.33%,-4.74%,10.9%,5.03%,4.83%,3.12%,6.38%,9.03%,11.0%,12.7%,11.9%,10.8%,9.06%,10.1%,12.7%,10.9%,10.5%,11.8%,9.97%,7.65%,7.65%
27,"Citrusvruchten, vers (ND)",19.6%,7.08%,3.42%,0.56%,5.25%,9.16%,7.46%,6.00%,5.01%,1.28%,1.23%,1.59%,-5.74%,-7.53%,-11.6%,-14.7%,-7.22%,-7.17%,-8.45%,-5.27%,0.68%,3.71%,3.66%,5.09%,2.33%,4.08%,11.7%,11.8%,3.19%,1.64%,13.8%,9.06%,3.23%,-0.46%,-0.17%,-2.71%,-1.04%,-2.10%,-2.88%,-2.29%,3.08%,4.19%,-5.22%,-6.38%,-2.14%,0.52%,2.82%,4.84%,4.64%,11.8%,13.1%,15.8%,16.0%,10.7%,12.7%,8.82%,3.14%,-1.33%,-2.99%,-5.64%,-6.87%,-5.33%,-7.22%,-7.69%,-7.46%,-5.47%,-8.36%,-6.12%,-4.80%,-2.67%,-0.24%,4.39%,5.03%,0.72%,1.13%,2.32%,4.68%,3.57%,4.55%,9.50%,12.8%,7.61%,11.1%,9.36%,9.30%,14.6%,14.4%,16.7%,14.0%,12.4%,8.30%,7.93%,11.0%,10.3%,4.28%,2.08%,3.26%,-7.86%,-1.87%,-8.03%,-7.11%,-2.84%,1.58%,-2.69%,-4.08%,0.65%,-0.09%,0.10%,-3.24%,-0.41%,-5.14%,0.55%,-1.07%,-2.04%,-2.33%,-1.55%,-2.42%,-0.93%,10.3%,5.56%,5.56%
28,"Computers, laptops en tablets (D)",-0.35%,0.76%,0.70%,0.83%,-0.04%,1.53%,0.43%,-1.31%,-0.62%,-0.41%,1.05%,-1.62%,-2.53%,-2.54%,-3.52%,-3.60%,-5.50%,-6.73%,-3.01%,-2.36%,-2.99%,-2.60%,-4.20%,-1.21%,-1.22%,-4.45%,-4.24%,-4.35%,-3.22%,-1.57%,-3.87%,-3.34%,-4.28%,-4.26%,-4.54%,-3.30%,-2.07%,0.44%,0.35%,2.14%,0.41%,1.18%,0.18%,-0.56%,1.63%,0.97%,0.16%,0.00%,-0.45%,0.29%,2.06%,2.32%,6.69%,2.25%,3.26%,5.19%,6.57%,7.79%,10.5%,6.36%,7.74%,7.72%,4.19%,3.31%,0.57%,4.22%,2.85%,2.75%,0.77%,0.61%,1.39%,4.39%,-0.81%,-3.63%,-2.69%,-2.55%,-0.05%,-2.70%,-5.23%,-4.64%,-0.17%,0.72%,0.72%,-0.15%,2.87%,3.01%,0.72%,2.17%,2.17%,0.34%,-3.79%,-3.55%,-0.20%,-6.08%,-6.08%,-8.57%,-8.12%,-12.3%,-12.1%,-13.7%,-13.7%,-13.0%,-16.7%,-12.0%,-6.38%,-17.5%,-17.5%,-12.1%,-11.1%,-11.7%,-10.5%,-11.8%,-11.8%,-8.36%,-12.4%,-12.4%,-3.54%,-14.3%,-14.3%,-7.96%,-7.96%
29,"Dadels, vijgen en tropische vruchten, vers (ND)",19.6%,7.08%,3.42%,0.56%,5.25%,9.16%,7.46%,6.00%,5.01%,1.28%,1.23%,1.59%,-5.74%,-7.53%,-11.6%,-14.7%,-7.22%,-7.17%,-8.45%,-5.27%,0.68%,3.71%,3.66%,5.09%,2.33%,4.08%,11.7%,11.8%,3.19%,1.64%,13.8%,9.06%,3.23%,-0.46%,-0.17%,-2.71%,-1.04%,-2.10%,-2.88%,-2.29%,3.08%,4.19%,-5.22%,-6.38%,-2.14%,0.52%,2.82%,4.84%,4.64%,11.8%,13.1%,15.8%,16.0%,10.7%,12.7%,8.82%,3.14%,-1.33%,-2.99%,-5.64%,-6.87%,-5.33%,-7.22%,-7.69%,-7.46%,-5.47%,-8.36%,-6.12%,-4.80%,-2.67%,-0.24%,4.39%,5.03%,0.72%,1.13%,2.32%,4.68%,3.57%,4.55%,9.50%,12.8%,7.61%,11.1%,9.36%,9.30%,14.6%,14.4%,16.7%,14.0%,12.4%,8.30%,7.93%,11.0%,10.3%,4.28%,2.08%,3.26%,-7.86%,-1.87%,-8.03%,-7.11%,-2.84%,1.58%,-2.69%,-4.08%,0.65%,-0.09%,0.10%,-3.24%,-0.41%,-5.14%,0.55%,-1.07%,-2.04%,-2.33%,-1.55%,-2.42%,-0.93%,-3.65%,0.44%,0.44%
30,Dames- of meisjeskleding (SD),0.82%,1.07%,1.11%,1.02%,0.53%,0.68%,0.82%,0.63%,0.60%,0.78%,-0.08%,-0.03%,0.07%,-0.17%,-0.33%,-0.33%,0.49%,0.42%,0.64%,0.69%,0.85%,0.67%,0.22%,0.27%,0.15%,0.58%,0.82%,0.78%,0.22%,0.03%,-0.11%,-0.07%,-0.14%,-0.09%,0.64%,0.55%,0.92%,0.50%,0.40%,0.56%,1.19%,1.19%,1.64%,1.92%,1.95%,2.02%,1.19%,0.60%,0.36%,0.08%,0.09%,-0.03%,0.02%,0.41%,0.41%,0.25%,0.08%,0.04%,0.06%,0.79%,0.55%,0.86%,0.89%,0.92%,0.91%,0.80%,0.41%,0.29%,0.41%,0.40%,0.40%,0.48%,-0.08%,-2.20%,-2.97%,-3.90%,-3.90%,-0.95%,3.06%,4.48%,6.71%,7.41%,7.41%,6.95%,9.29%,11.8%,12.8%,14.1%,14.1%,10.4%,4.19%,8.16%,4.45%,4.24%,4.24%,5.88%,4.85%,2.55%,3.91%,3.59%,3.59%,3.82%,6.57%,1.82%,5.18%,3.43%,3.43%,-1.24%,-4.84%,-1.65%,-3.24%,-3.46%,-3.46%,-2.74%,0.36%,1.64%,-0.21%,1.01%,1.01%,1.75%,1.75%
31,Damesschoenen (SD),-0.02%,0.05%,0.05%,0.09%,0.96%,1.54%,1.57%,1.23%,1.34%,1.59%,1.87%,1.69%,1.53%,1.30%,1.39%,1.17%,-0.07%,-0.12%,0.21%,0.02%,0.06%,-0.25%,-0.25%,-0.39%,-0.05%,0.45%,0.34%,0.55%,0.86%,1.05%,0.89%,1.35%,1.40%,1.57%,1.73%,2.04%,0.25%,0.34%,-0.03%,0.04%,0.38%,-0.29%,-0.63%,-0.60%,-0.88%,-1.04%,-0.97%,-1.71%,-0.22%,-0.52%,0.15%,0.46%,-0.77%,0.26%,0.67%,-0.45%,-0.66%,-3.14%,-2.70%,-2.20%,-0.83%,-0.94%,-0.98%,-1.45%,-0.98%,-2.24%,-1.74%,-0.45%,-0.11%,2.66%,2.66%,2.73%,3.19%,3.75%,4.86%,5.39%,5.39%,6.72%,7.51%,7.79%,8.05%,8.65%,8.65%,9.19%,7.10%,6.61%,5.53%,5.45%,5.45%,5.33%,6.07%,5.51%,5.22%,3.91%,3.91%,3.37%,3.87%,3.95%,3.88%,3.81%,3.81%,3.28%,0.08%,-0.37%,-0.75%,-0.21%,-0.21%,-0.21%,-0.33%,-0.68%,-1.69%,-1.45%,-1.45%,-1.33%,0.00%,0.41%,0.91%,0.89%,0.89%,0.05%,0.05%
32,Desserts en dranken op basis van melk (ND),-1.02%,-0.10%,0.54%,1.26%,1.92%,0.92%,-0.04%,0.54%,0.71%,0.34%,1.14%,0.45%,0.00%,0.22%,1.23%,-0.00%,1.27%,2.85%,3.70%,2.73%,3.44%,6.26%,7.92%,7.75%,8.19%,8.77%,7.23%,6.87%,5.79%,5.88%,2.71%,6.18%,4.52%,2.86%,1.40%,0.87%,0.81%,1.00%,0.11%,2.79%,2.27%,1.59%,2.05%,1.67%,0.38%,-0.78%,2.59%,2.16%,1.72%,1.37%,4.21%,1.68%,0.78%,1.86%,2.83%,2.49%,2.96%,2.59%,3.00%,0.68%,-0.11%,-0.66%,-1.64%,-0.57%,1.09%,0.02%,-2.51%,0.75%,-0.24%,0.77%,2.07%,3.77%,4.83%,5.69%,6.70%,7.99%,9.32%,9.51%,13.0%,14.1%,15.8%,19.8%,21.7%,21.6%,22.0%,20.9%,21.2%,21.0%,18.3%,17.2%,13.9%,11.6%,9.39%,6.27%,3.32%,3.65%,3.28%,-0.71%,-2.04%,-2.76%,-2.93%,-1.53%,0.95%,-2.53%,0.45%,0.16%,2.32%,2.57%,3.43%,3.86%,2.86%,3.36%,3.60%,3.07%,6.01%,1.65%,1.66%,2.27%,-4.23%,-3.64%,-3.64%
33,Diensten in verband met het bijwonen van sportevenementen (S),4.77%,5.46%,5.46%,5.46%,5.46%,2.90%,2.90%,1.55%,1.55%,1.55%,1.55%,1.55%,1.55%,0.31%,0.31%,0.31%,0.31%,3.36%,3.36%,4.84%,4.84%,4.84%,4.84%,4.84%,4.84%,12.2%,12.2%,12.2%,12.2%,5.96%,5.96%,4.35%,4.35%,4.35%,4.35%,4.35%,4.35%,4.34%,4.34%,4.34%,4.34%,4.21%,4.21%,4.99%,4.99%,4.99%,4.99%,4.99%,4.99%,-3.37%,-3.37%,-3.37%,-3.37%,1.54%,1.54%,0.68%,0.68%,0.68%,0.68%,0.68%,0.68%,0.68%,0.68%,0.68%,0.68%,2.40%,2.40%,3.12%,3.12%,3.12%,3.12%,3.12%,3.12%,6.71%,6.71%,6.71%,6.71%,3.83%,3.83%,3.21%,3.21%,3.21%,3.21%,3.21%,3.21%,0.24%,0.24%,0.24%,0.24%,6.36%,6.36%,6.28%,6.28%,6.28%,6.28%,6.28%,6.28%,6.36%,6.36%,6.36%,6.36%,2.65%,2.65%,3.35%,3.35%,3.35%,3.35%,3.35%,3.35%,8.26%,8.26%,8.26%,8.26%,4.94%,4.94%,4.26%,4.26%,4.26%,4.26%,4.26%,4.26%
34,Diensten in verband met sportbeoefening (S),1.62%,1.92%,1.93%,2.23%,2.13%,2.02%,2.08%,2.83%,2.83%,2.93%,2.77%,2.96%,2.95%,3.13%,3.06%,2.96%,2.97%,3.06%,3.04%,4.12%,4.10%,4.08%,4.18%,4.06%,4.06%,3.88%,3.88%,4.02%,4.12%,4.11%,4.17%,2.63%,2.60%,2.52%,2.52%,2.43%,2.39%,2.39%,2.38%,2.23%,2.15%,2.18%,2.09%,3.34%,3.33%,3.35%,3.45%,3.61%,3.81%,3.76%,3.73%,3.86%,3.96%,3.95%,4.09%,0.23%,0.22%,0.19%,0.06%,-0.06%,-0.26%,-0.29%,-0.27%,-0.34%,-0.15%,-0.03%,-0.02%,1.48%,1.81%,2.06%,2.46%,2.55%,2.70%,2.65%,2.84%,3.19%,2.92%,3.03%,3.22%,4.49%,4.47%,4.29%,4.74%,5.14%,5.73%,6.01%,6.28%,6.46%,6.92%,6.70%,6.71%,4.23%,4.12%,4.02%,3.36%,2.88%,2.33%,2.36%,1.98%,1.37%,0.90%,0.93%,0.77%,3.06%,2.99%,3.06%,2.98%,3.13%,3.08%,3.09%,3.13%,3.23%,3.28%,3.24%,3.18%,4.13%,4.04%,4.10%,4.40%,4.46%,4.46%
35,Diensten op het gebied van fotografie (S),2.41%,3.02%,7.28%,6.97%,5.23%,7.75%,7.04%,4.64%,7.59%,7.63%,7.02%,4.79%,3.88%,2.33%,2.48%,0.73%,1.91%,0.99%,0.68%,1.43%,-0.49%,-1.11%,-0.49%,0.38%,-0.07%,-0.07%,-0.75%,0.56%,-0.09%,2.99%,2.58%,3.26%,2.89%,4.09%,1.42%,1.09%,0.93%,0.43%,0.93%,-1.11%,1.38%,-0.75%,-0.35%,-0.67%,-0.67%,-1.20%,1.39%,1.26%,2.30%,4.15%,3.47%,6.08%,3.47%,3.47%,5.46%,6.12%,6.12%,6.12%,5.47%,5.26%,7.57%,7.77%,8.49%,8.00%,8.93%,9.23%,7.33%,7.85%,7.85%,8.01%,7.21%,8.18%,5.10%,3.96%,5.73%,6.30%,5.39%,3.66%,3.21%,2.09%,4.09%,3.94%,5.18%,5.26%,5.78%,5.76%,3.88%,3.07%,3.07%,4.02%,4.36%,4.39%,2.70%,2.70%,3.88%,3.31%,2.87%,2.88%,1.60%,2.17%,2.59%,3.88%,4.11%,5.45%,7.30%,7.30%,5.61%,5.49%,5.39%,5.49%,7.38%,7.05%,6.92%,7.59%,6.55%,5.16%,4.60%,4.60%,4.60%,4.38%,4.38%
36,Diensten op het gebied van recreatie en vrije tijd (S),3.59%,1.64%,1.64%,1.64%,1.64%,1.64%,1.64%,1.64%,1.48%,1.48%,1.48%,1.48%,1.48%,0.26%,0.26%,0.26%,0.26%,0.26%,0.26%,1.09%,1.25%,1.25%,1.25%,1.25%,1.25%,1.61%,1.61%,1.61%,1.61%,1.61%,1.61%,2.23%,2.23%,2.23%,2.23%,2.23%,2.23%,1.79%,1.79%,1.79%,1.79%,1.79%,1.79%,2.02%,2.02%,2.02%,2.02%,2.02%,2.02%,1.67%,1.67%,1.67%,2.56%,2.56%,2.56%,1.51%,1.51%,1.51%,1.51%,1.51%,1.51%,1.51%,3.13%,3.13%,2.23%,2.23%,2.23%,4.05%,4.05%,4.05%,4.05%,4.05%,4.05%,6.41%,4.74%,4.74%,4.74%,4.74%,4.74%,6.16%,6.16%,6.16%,6.16%,6.16%,6.16%,6.73%,6.73%,6.73%,6.73%,6.73%,6.73%,7.23%,7.23%,7.23%,7.23%,7.23%,7.23%,4.55%,4.55%,4.55%,4.55%,4.55%,4.55%,4.85%,4.85%,4.85%,4.85%,4.85%,4.85%,5.63%,5.63%,5.63%,5.63%,8.90%,8.90%,12.8%,12.8%,12.8%,12.8%,12.8%,12.8%
37,Diensten van dierenartsen en andere diensten in verband met huisdieren (S),0.52%,0.52%,1.59%,1.59%,1.59%,1.59%,1.59%,1.59%,1.59%,1.59%,1.59%,1.59%,1.59%,1.59%,2.62%,2.62%,2.62%,2.62%,2.62%,2.62%,2.62%,2.62%,2.62%,2.62%,2.62%,2.62%,1.38%,1.38%,1.38%,1.38%,1.38%,1.38%,1.38%,1.38%,1.38%,1.38%,1.38%,1.38%,1.61%,1.61%,1.61%,1.61%,1.61%,1.61%,1.61%,1.61%,1.60%,1.60%,1.60%,1.60%,1.35%,1.67%,1.67%,1.67%,1.67%,1.67%,1.67%,1.79%,1.80%,1.80%,1.80%,1.80%,3.32%,3.26%,3.26%,3.26%,3.26%,3.26%,3.26%,3.50%,3.50%,3.50%,3.50%,3.50%,1.72%,1.95%,1.95%,1.95%,1.95%,1.95%,1.95%,2.02%,2.02%,2.02%,2.02%,2.02%,11.1%,11.4%,11.4%,11.4%,11.4%,11.4%,11.4%,11.3%,11.3%,11.3%,11.3%,11.3%,3.96%,3.40%,3.40%,3.40%,3.40%,3.40%,3.40%,3.32%,3.32%,3.32%,3.32%,3.32%,9.03%,9.26%,9.26%,9.26%,9.26%,9.26%,9.26%,9.54%,9.54%,9.54%,9.54%
38,Diensten van medische beeldvorming en medische laboratoria (S),0.00%,0.00%,0.00%,0.00%,0.00%,0.00%,0.00%,0.00%,0.00%,0.00%,0.00%,0.00%,0.00%,0.00%,0.00%,0.00%,0.00%,0.00%,0.00%,0.00%,0.00%,0.00%,0.05%,0.05%,0.05%,0.05%,0.05%,0.05%,0.05%,0.05%,0.05%,0.05%,0.05%,0.05%,0.00%,0.00%,0.00%,0.00%,0.00%,0.00%,0.00%,0.00%,0.00%,0.00%,0.00%,0.00%,0.03%,0.03%,0.03%,0.03%,0.03%,0.03%,0.03%,0.03%,0.03%,0.03%,0.03%,0.03%,0.02%,0.02%,0.02%,0.02%,0.02%,0.02%,0.02%,0.02%,0.02%,0.02%,0.02%,0.02%,0.02%,0.02%,0.02%,0.02%,0.02%,0.02%,0.02%,0.02%,0.02%,0.02%,0.02%,0.02%,0.72%,0.72%,0.72%,0.72%,0.72%,0.72%,0.72%,0.72%,0.72%,0.72%,0.72%,0.72%,0.16%,0.16%,0.16%,0.16%,0.16%,0.16%,0.16%,0.16%,0.16%,0.16%,0.16%,0.16%,0.06%,0.06%,0.06%,0.06%,0.06%,0.06%,0.06%,0.06%,0.06%,0.06%,0.06%,0.06%,0.00%,0.00%,0.00%
39,"Diensten verleend door bioscopen, theaters en concertzalen (S)",3.79%,3.43%,3.43%,3.40%,3.47%,3.44%,2.06%,2.06%,1.97%,1.97%,2.13%,2.14%,1.96%,1.96%,1.96%,1.44%,0.83%,0.73%,2.80%,2.80%,2.60%,2.60%,2.43%,2.68%,2.66%,2.70%,2.70%,2.78%,3.15%,2.97%,2.69%,2.69%,2.69%,2.69%,2.79%,2.52%,2.09%,2.05%,2.05%,2.20%,2.21%,2.21%,1.41%,1.41%,1.41%,1.47%,1.37%,1.37%,2.04%,2.04%,2.04%,1.68%,1.32%,0.96%,0.38%,0.55%,0.55%,0.49%,0.49%,0.49%,0.26%,0.26%,0.26%,1.12%,1.14%,1.14%,2.58%,2.40%,2.40%,2.61%,3.11%,3.18%,3.18%,3.26%,3.26%,4.25%,6.32%,6.39%,5.41%,5.41%,5.41%,5.91%,5.39%,5.32%,5.89%,5.81%,5.83%,6.66%,5.38%,6.30%,8.94%,9.34%,9.89%,9.15%,9.37%,9.37%,9.09%,9.28%,9.26%,7.25%,7.04%,6.83%,3.02%,2.87%,2.35%,2.35%,2.15%,2.15%,2.01%,1.83%,1.83%,1.27%,0.71%,0.33%,4.62%,4.39%,4.52%,4.52%,4.52%,4.52%,4.52%
40,"Diensten verleend door musea, bibliotheken en culturele locaties (S)",0.02%,4.21%,4.21%,4.21%,4.65%,4.65%,4.65%,4.82%,4.82%,5.21%,5.21%,5.21%,5.21%,4.77%,4.77%,4.77%,4.33%,5.42%,5.42%,5.25%,5.25%,4.86%,6.98%,6.98%,6.98%,5.71%,5.71%,5.71%,7.35%,6.23%,6.23%,6.23%,6.23%,7.39%,7.00%,7.00%,7.00%,5.16%,5.16%,5.16%,3.88%,3.88%,3.88%,3.88%,3.88%,2.77%,1.09%,1.09%,2.25%,1.45%,3.12%,3.12%,2.80%,2.80%,2.80%,2.80%,2.80%,2.80%,2.80%,2.80%,1.64%,3.24%,1.57%,1.57%,1.57%,1.57%,3.67%,3.67%,3.67%,3.67%,3.67%,3.67%,3.67%,6.46%,6.46%,6.46%,7.83%,7.83%,5.66%,5.66%,5.66%,5.66%,5.66%,5.66%,5.66%,8.13%,8.13%,8.13%,6.75%,9.43%,9.43%,9.43%,9.43%,9.43%,9.43%,9.43%,9.43%,4.26%,4.26%,4.26%,4.26%,1.71%,1.71%,1.71%,1.71%,1.71%,1.71%,1.71%,1.71%,3.85%,3.85%,3.85%,3.85%,3.85%,3.85%,3.85%,3.85%,3.85%,3.85%,3.85%,3.85%
41,Diensten voor internettoegang en onlineopslag (S),2.89%,2.89%,2.73%,2.73%,1.58%,1.50%,1.50%,1.50%,-0.88%,-0.88%,-0.60%,-1.51%,-1.51%,-1.51%,0.09%,0.09%,0.09%,0.52%,0.52%,0.52%,1.98%,1.98%,2.24%,2.84%,2.84%,2.84%,2.18%,2.34%,2.34%,3.46%,3.46%,3.46%,3.04%,3.04%,2.49%,1.95%,2.01%,2.01%,1.14%,0.98%,1.12%,1.50%,1.50%,1.50%,2.35%,2.35%,2.35%,2.35%,2.29%,2.29%,-0.97%,-0.97%,-1.10%,-3.20%,-3.20%,-3.20%,-2.71%,-2.71%,-2.71%,-2.71%,-2.92%,-2.92%,1.34%,1.34%,1.34%,2.07%,2.07%,2.07%,1.20%,1.20%,1.20%,1.20%,1.42%,1.42%,2.38%,4.95%,4.95%,4.59%,4.59%,4.59%,4.59%,4.59%,6.42%,6.42%,6.54%,6.54%,4.42%,2.86%,3.26%,3.26%,3.26%,3.26%,3.26%,4.32%,3.95%,3.95%,4.31%,4.31%,4.31%,4.53%,4.13%,4.13%,4.09%,4.09%,3.82%,2.77%,2.51%,2.51%,2.06%,2.06%,3.92%,2.70%,2.70%,2.70%,2.74%,2.74%,3.01%,3.01%,3.22%,3.22%,3.22%
42,"Diensten voor onderhoud, reparatie en beveiliging van de woning (S)",2.18%,2.22%,2.05%,2.01%,2.00%,2.05%,2.12%,2.06%,2.07%,2.07%,1.02%,1.13%,1.14%,1.22%,1.46%,1.44%,1.45%,1.40%,1.40%,1.34%,1.30%,1.32%,1.18%,0.99%,1.39%,1.36%,1.02%,1.12%,1.34%,1.34%,1.45%,1.49%,1.50%,1.49%,1.73%,1.78%,1.43%,1.47%,1.62%,1.60%,1.34%,1.34%,1.34%,1.32%,1.35%,1.35%,1.15%,1.21%,1.83%,1.69%,1.57%,1.92%,1.93%,1.92%,1.82%,1.80%,1.76%,1.74%,1.66%,1.43%,0.68%,0.69%,0.62%,0.17%,0.21%,0.28%,0.46%,0.56%,0.69%,0.90%,1.26%,1.75%,2.56%,2.77%,3.04%,3.86%,4.05%,4.07%,4.34%,4.74%,4.86%,5.06%,5.15%,5.73%,5.88%,6.04%,8.17%,7.39%,7.26%,7.16%,6.80%,6.30%,6.17%,5.78%,5.53%,4.92%,4.29%,4.00%,2.09%,2.22%,2.55%,2.63%,2.44%,2.55%,2.49%,2.49%,2.51%,2.41%,2.95%,3.19%,2.91%,2.77%,2.43%,2.45%,2.67%,2.65%,2.68%,2.80%,3.05%,2.99%,2.99%
43,Diesel (ND),-14.2%,-12.6%,-11.4%,-6.80%,-5.04%,-2.01%,2.92%,7.83%,6.24%,12.4%,23.8%,25.6%,20.7%,21.6%,13.2%,7.25%,6.89%,10.7%,8.78%,7.21%,11.6%,6.53%,4.80%,4.39%,5.05%,7.58%,14.6%,19.4%,21.1%,20.1%,20.2%,20.8%,18.1%,12.2%,4.72%,8.58%,10.9%,7.04%,4.86%,-2.22%,-2.23%,-4.08%,-4.57%,-6.68%,-6.48%,-0.94%,7.71%,-1.09%,-9.68%,-16.4%,-20.4%,-11.3%,-9.02%,-8.25%,-11.2%,-12.3%,-12.3%,-8.92%,-10.8%,-2.98%,8.36%,16.0%,21.5%,16.6%,15.8%,15.0%,20.0%,28.0%,32.1%,22.6%,25.4%,26.8%,36.5%,33.5%,34.4%,39.4%,31.4%,26.3%,24.3%,25.2%,16.5%,5.85%,2.49%,-3.01%,-13.9%,-8.95%,-15.2%,-18.9%,-15.0%,-3.68%,-1.10%,-6.18%,-7.47%,1.74%,-0.30%,5.55%,4.98%,4.39%,5.51%,2.13%,2.18%,-9.74%,-14.9%,-14.1%,-8.69%,-4.20%,-0.70%,-4.52%,-6.89%,-10.8%,-8.20%,-5.44%,-2.33%,-0.34%,0.85%,-1.09%,1.38%,-2.16%,-7.15%,-4.48%,-4.48%
44,Divers drukwerk (ND),3.21%,3.01%,3.23%,3.87%,4.11%,4.09%,4.15%,3.94%,3.78%,3.92%,3.59%,3.20%,2.66%,3.08%,2.70%,2.12%,1.90%,1.84%,1.56%,1.43%,1.25%,1.09%,1.04%,0.99%,1.37%,1.35%,1.17%,0.99%,0.85%,0.49%,0.28%,0.43%,0.73%,0.90%,0.71%,0.81%,0.69%,0.64%,0.69%,0.80%,0.71%,0.91%,0.98%,1.11%,1.05%,0.98%,0.94%,0.92%,0.83%,0.74%,0.75%,0.73%,0.77%,0.64%,0.63%,0.48%,0.32%,0.25%,0.20%,0.06%,0.03%,0.03%,0.03%,0.05%,0.29%,0.59%,0.51%,0.95%,0.94%,1.50%,1.79%,1.70%,2.09%,2.20%,2.33%,2.85%,2.50%,2.51%,2.88%,2.37%,2.36%,2.25%,2.43%,2.67%,2.63%,2.82%,3.11%,2.86%,3.23%,2.78%,2.98%,3.08%,3.40%,3.21%,3.75%,4.05%,3.80%,4.26%,4.16%,4.04%,3.85%,4.19%,3.77%,4.22%,3.92%,3.71%,2.89%,3.05%,3.31%,3.17%,2.87%,2.70%,2.67%,2.71%,2.79%,2.25%,2.39%,2.66%,2.47%,1.96%,1.96%
45,Diverse toebehoren (SD),0.05%,-0.30%,-0.36%,-0.09%,-0.20%,0.07%,-0.11%,0.20%,0.28%,0.12%,-1.60%,-1.08%,-0.72%,-0.32%,-0.74%,-1.99%,-2.39%,-1.91%,-1.29%,-2.57%,-1.91%,-2.46%,-0.75%,-0.84%,-1.61%,-2.57%,-2.65%,-1.21%,-1.61%,-1.58%,-3.22%,-0.96%,-1.32%,-1.30%,-0.87%,-0.72%,0.15%,0.66%,1.24%,0.74%,0.96%,0.91%,1.28%,0.31%,-0.12%,0.62%,0.44%,0.21%,0.19%,0.11%,-0.15%,-0.63%,-0.04%,-0.48%,-0.35%,-1.08%,-1.59%,-1.63%,-1.85%,-1.34%,-1.05%,-0.82%,-1.13%,-0.55%,-0.29%,-0.64%,0.10%,0.62%,0.80%,0.96%,1.38%,1.27%,1.91%,2.04%,2.38%,2.72%,2.60%,3.30%,3.82%,3.98%,4.62%,4.68%,5.07%,5.63%,5.43%,5.61%,4.57%,4.93%,4.62%,4.04%,3.42%,3.09%,3.11%,2.40%,2.16%,1.17%,0.28%,-0.67%,0.78%,-0.17%,-0.40%,0.05%,0.06%,0.09%,-0.09%,0.24%,0.32%,0.86%,-4.01%,-3.03%,-1.38%,0.13%,-0.58%,-3.63%,-5.42%,-9.66%,-4.24%,-2.98%,-2.50%,-2.29%,-2.29%
46,Educatieve boeken en leerboeken (SD),.,.,.,.,.,.,.,.,.,.,.,.,.,.,.,.,.,.,.,.,.,1.15%,1.15%,1.15%,1.15%,1.15%,1.15%,1.15%,1.15%,1.15%,1.15%,4.94%,3.75%,3.75%,3.75%,3.75%,3.75%,3.75%,3.75%,3.75%,3.75%,3.75%,3.75%,7.47%,7.47%,7.47%,7.47%,7.47%,7.47%,7.47%,7.47%,7.47%,7.47%,7.47%,7.47%,0.32%,1.53%,1.53%,1.53%,1.53%,1.53%,1.53%,1.53%,1.53%,1.53%,1.53%,1.53%,2.97%,1.74%,1.74%,1.74%,1.74%,1.74%,1.74%,1.74%,1.74%,1.74%,1.74%,1.74%,1.95%,1.95%,1.95%,1.95%,1.95%,1.95%,1.95%,1.95%,1.95%,1.95%,1.95%,1.95%,8.65%,8.65%,8.65%,8.65%,8.65%,8.65%,8.65%,8.65%,8.65%,8.65%,8.65%,8.65%,1.83%,1.83%,1.83%,1.83%,1.83%,1.83%,1.83%,1.83%,1.83%,1.83%,1.83%,1.83%,5.00%,5.00%,5.00%,5.00%,5.00%,5.00%
47,Eieren (ND),1.00%,1.63%,-0.69%,-1.30%,-5.64%,-3.07%,-2.82%,-0.48%,0.27%,0.49%,0.76%,0.85%,-1.27%,-2.01%,1.77%,3.28%,3.06%,3.43%,4.33%,12.1%,19.9%,23.6%,25.7%,27.7%,30.0%,27.5%,19.4%,16.2%,10.3%,8.44%,9.17%,-0.69%,-6.95%,-10.4%,-11.7%,-13.8%,-15.3%,-13.8%,-10.7%,-9.72%,-6.56%,-4.47%,-5.89%,-4.65%,-3.47%,-3.10%,0.79%,2.48%,1.43%,1.16%,1.86%,2.59%,2.83%,2.55%,2.07%,2.43%,0.76%,0.35%,-1.85%,-1.84%,-1.94%,-0.73%,-1.06%,-1.84%,-2.28%,-0.99%,-1.48%,-0.80%,-0.56%,1.55%,1.76%,3.28%,5.34%,7.11%,10.5%,15.5%,13.5%,13.6%,21.4%,18.1%,23.8%,33.0%,34.3%,38.6%,34.0%,30.6%,26.1%,25.2%,25.2%,24.4%,17.7%,20.4%,10.6%,3.98%,6.55%,-0.16%,2.95%,-1.35%,-1.71%,-4.16%,-1.52%,-1.70%,-3.12%,-1.95%,0.17%,1.12%,3.04%,4.19%,3.68%,5.87%,7.00%,8.42%,5.77%,4.54%,6.55%,4.81%,6.92%,6.42%,-0.66%,-1.47%,-1.47%
48,Elektriciteit (ND),36.7%,36.2%,43.4%,42.1%,42.1%,31.5%,16.4%,16.2%,16.4%,18.0%,19.4%,21.2%,11.1%,11.1%,5.03%,4.41%,4.08%,3.73%,4.00%,4.46%,4.99%,5.05%,-1.41%,-1.22%,-2.12%,-1.64%,-1.29%,-0.43%,1.90%,3.29%,3.36%,8.70%,10.6%,6.43%,8.99%,8.19%,8.65%,6.28%,5.41%,4.54%,0.96%,-0.22%,-0.38%,-5.61%,-8.14%,-5.84%,-6.32%,-7.17%,-8.32%,-7.58%,-7.91%,-7.72%,-6.51%,-6.03%,-6.15%,-4.22%,-4.53%,-4.48%,-0.44%,1.77%,4.43%,7.86%,8.35%,10.4%,15.3%,17.4%,17.3%,25.8%,41.8%,44.1%,70.8%,72.8%,49.9%,49.7%,54.4%,49.0%,44.7%,57.2%,81.3%,84.7%,41.9%,35.5%,2.80%,-16.0%,-2.34%,-20.4%,-26.3%,-29.2%,-27.1%,-36.2%,-43.9%,-50.7%,-42.1%,-35.5%,-31.7%,-12.2%,-14.9%,1.92%,3.57%,13.3%,8.95%,11.3%,14.8%,13.7%,15.2%,12.6%,26.7%,19.5%,20.2%,17.4%,16.0%,11.4%,11.8%,13.4%,7.88%,9.39%,7.76%,3.17%,-4.31%,-2.13%,-2.13%
49,Elektrische apparaten voor lichaamsverzorging (SD),2.18%,1.93%,2.72%,2.54%,2.57%,2.60%,2.51%,1.64%,1.47%,1.73%,1.94%,1.51%,1.69%,0.89%,0.60%,0.86%,1.25%,1.19%,1.30%,1.93%,2.14%,1.95%,1.99%,1.75%,2.19%,3.28%,2.60%,2.48%,1.99%,1.80%,1.36%,0.81%,0.81%,0.55%,0.30%,0.10%,-0.26%,-0.45%,0.00%,-0.33%,-0.33%,-0.35%,-0.04%,0.73%,0.64%,1.80%,1.80%,1.90%,1.54%,1.88%,2.08%,2.32%,1.51%,1.61%,1.17%,0.97%,1.84%,0.71%,0.71%,1.34%,1.09%,0.72%,0.93%,0.63%,1.43%,1.49%,1.52%,1.05%,0.56%,-0.16%,-0.16%,-0.18%,0.38%,0.79%,0.97%,1.24%,1.24%,2.20%,3.03%,3.74%,3.10%,4.44%,4.44%,4.62%,5.06%,5.03%,4.83%,5.47%,5.47%,4.51%,3.73%,3.87%,4.36%,4.28%,4.28%,4.11%,3.29%,2.79%,2.21%,1.54%,1.54%,0.81%,1.27%,1.23%,0.69%,0.36%,0.36%,0.60%,0.97%,0.74%,-0.05%,1.44%,1.44%,1.54%,1.31%,1.05%,1.51%,2.02%,2.02%,1.43%,1.43%
50,Expliciete heffingen door deposito-instellingen (S),2.45%,2.45%,2.45%,2.45%,2.45%,2.45%,2.45%,2.45%,2.45%,2.45%,1.11%,2.07%,2.07%,2.07%,2.07%,2.07%,2.07%,2.07%,2.07%,2.07%,2.07%,2.07%,2.75%,2.86%,2.86%,2.86%,2.86%,2.86%,2.86%,2.86%,2.86%,2.86%,2.86%,2.86%,0.00%,0.00%,0.00%,2.20%,2.20%,2.20%,2.20%,2.20%,5.11%,5.11%,5.11%,5.11%,5.11%,5.11%,5.11%,5.71%,4.09%,4.09%,4.22%,4.22%,7.18%,7.18%,7.18%,7.18%,10.6%,10.6%,10.6%,10.2%,12.0%,11.9%,11.8%,11.8%,5.66%,5.66%,5.66%,5.66%,4.27%,4.27%,4.27%,12.0%,12.5%,12.6%,12.6%,12.7%,12.7%,12.7%,12.7%,12.7%,10.6%,10.6%,10.6%,-0.22%,-0.68%,-0.68%,-0.68%,-0.77%,-0.77%,-0.77%,-0.77%,-0.77%,-0.77%,-0.77%,-0.77%,6.48%,6.48%,6.84%,10.5%,10.5%,10.5%,10.5%,10.5%,10.5%,10.7%,10.7%,10.7%,3.38%,3.38%,3.03%,-0.38%,-0.38%,-0.38%,-0.38%,-0.38%,-0.38%,2.61%,2.61%,2.61%
51,Fietsen (D),3.09%,3.24%,2.97%,2.99%,2.95%,2.84%,2.72%,2.40%,2.21%,2.23%,2.22%,2.23%,2.20%,1.69%,1.72%,1.42%,1.47%,1.44%,1.22%,1.06%,1.07%,1.17%,1.03%,0.35%,0.20%,0.26%,0.23%,0.51%,0.45%,0.47%,0.38%,0.61%,0.48%,0.20%,0.17%,0.28%,0.46%,0.64%,0.75%,0.50%,0.50%,0.46%,0.49%,0.59%,0.85%,1.02%,1.02%,1.17%,1.07%,1.10%,1.06%,1.16%,1.22%,1.25%,1.34%,1.22%,1.11%,1.06%,1.06%,1.02%,1.09%,0.89%,0.88%,0.73%,0.67%,1.09%,2.27%,2.97%,3.53%,3.87%,3.87%,4.86%,5.53%,6.49%,7.32%,8.26%,8.26%,11.6%,10.6%,10.1%,9.42%,9.18%,9.18%,9.15%,8.60%,8.54%,7.89%,6.95%,6.95%,3.54%,3.57%,3.21%,3.33%,3.36%,3.36%,2.41%,1.97%,1.81%,1.63%,1.85%,1.85%,2.11%,1.59%,1.73%,1.50%,1.72%,1.72%,1.98%,2.17%,1.62%,1.69%,1.23%,1.23%,1.17%,1.97%,2.01%,1.97%,1.55%,1.55%,1.44%,1.44%
52,Frisdranken (ND),5.10%,4.04%,4.22%,4.48%,3.37%,3.14%,3.16%,3.80%,4.52%,4.20%,-0.18%,0.41%,1.39%,1.91%,1.76%,0.82%,2.83%,2.92%,4.09%,1.32%,2.03%,2.05%,9.78%,9.27%,7.11%,8.23%,6.11%,9.48%,6.72%,9.09%,5.74%,8.55%,5.99%,6.71%,2.05%,2.33%,1.88%,0.56%,2.42%,0.19%,2.03%,-0.33%,1.44%,1.26%,1.15%,0.32%,2.23%,0.16%,2.29%,5.36%,1.98%,1.42%,-0.21%,5.38%,3.91%,1.31%,1.84%,2.28%,3.10%,1.11%,1.07%,-3.04%,1.30%,-0.74%,2.18%,-0.77%,-2.68%,-0.99%,1.09%,2.38%,2.24%,3.69%,3.73%,4.70%,5.37%,6.67%,5.60%,5.95%,6.27%,9.37%,9.91%,7.99%,9.56%,7.13%,10.8%,9.61%,12.3%,9.87%,8.91%,8.43%,7.41%,3.73%,5.49%,3.87%,1.65%,7.31%,2.39%,4.18%,-2.22%,0.87%,2.58%,2.26%,3.40%,5.23%,-0.26%,2.90%,2.75%,1.34%,3.51%,1.04%,1.53%,4.06%,1.83%,-0.08%,2.40%,0.67%,2.33%,1.95%,1.22%,-0.21%,-0.21%
54,Garagehuur en andere huur die door huurders wordt betaald (S),2.27%,1.94%,2.16%,1.93%,1.62%,1.82%,1.59%,1.39%,1.57%,1.40%,1.40%,2.30%,2.29%,2.43%,2.39%,2.71%,2.61%,2.35%,2.35%,2.42%,2.25%,2.37%,2.75%,2.00%,1.97%,1.86%,1.98%,1.98%,2.12%,2.28%,2.28%,2.08%,1.99%,1.87%,1.20%,2.02%,2.13%,2.14%,2.22%,2.28%,2.28%,2.24%,2.31%,2.57%,2.92%,3.00%,3.07%,2.29%,2.16%,2.05%,2.01%,1.60%,1.71%,1.59%,1.55%,1.69%,1.41%,1.18%,1.23%,0.86%,0.87%,0.96%,0.85%,0.85%,0.70%,0.88%,1.13%,1.07%,1.47%,1.22%,2.18%,2.00%,2.77%,2.64%,3.38%,3.52%,3.55%,3.37%,3.22%,3.49%,4.13%,5.76%,5.86%,7.13%,7.21%,7.40%,7.05%,7.11%,7.24%,7.64%,7.87%,7.24%,6.07%,4.92%,4.40%,4.23%,3.41%,3.91%,3.70%,4.86%,4.74%,4.34%,4.15%,4.17%,4.14%,4.07%,4.09%,3.49%,3.32%,3.27%,2.66%,1.51%,1.64%,1.78%,2.63%,2.81%,2.71%,3.10%,2.26%,3.20%,3.20%
55,Gebundelde telecommunicatiediensten (S),7.45%,7.45%,7.41%,7.41%,7.83%,7.59%,7.60%,7.60%,8.14%,8.14%,8.51%,7.79%,3.00%,3.00%,3.18%,3.18%,1.92%,2.11%,2.11%,2.11%,2.13%,2.13%,1.86%,1.53%,0.45%,0.45%,0.20%,0.31%,0.23%,1.09%,1.09%,1.09%,1.07%,-0.16%,-0.07%,-0.01%,-0.01%,-0.01%,0.02%,-0.09%,0.10%,-0.09%,-0.09%,-0.09%,0.50%,1.73%,1.40%,1.14%,-0.01%,-0.86%,0.52%,1.32%,1.13%,0.26%,0.26%,0.26%,-0.13%,-0.13%,0.18%,0.54%,-0.29%,0.81%,0.98%,0.17%,0.17%,0.04%,0.51%,0.51%,0.31%,0.31%,0.53%,0.53%,2.49%,0.84%,-0.21%,2.16%,2.16%,2.79%,2.30%,1.11%,1.11%,0.18%,2.07%,2.07%,1.08%,2.49%,2.13%,0.81%,1.57%,1.26%,0.87%,2.06%,2.06%,3.03%,2.49%,2.49%,3.75%,3.75%,3.75%,4.05%,3.26%,3.26%,3.67%,3.67%,3.68%,3.66%,2.14%,2.46%,2.37%,2.37%,3.38%,2.01%,2.85%,2.85%,2.84%,2.84%,2.84%,2.84%,4.36%,4.03%,4.03%
57,Gedistilleerde dranken en likeuren (ND),20.5%,19.4%,18.3%,18.9%,19.5%,18.7%,18.0%,19.4%,4.41%,2.19%,0.49%,0.34%,0.50%,0.61%,1.05%,0.68%,0.42%,0.69%,0.60%,-0.80%,-0.28%,-1.06%,0.84%,0.78%,0.67%,0.43%,-0.12%,0.37%,0.04%,0.03%,0.96%,-0.64%,0.62%,0.31%,0.12%,0.93%,-2.40%,0.44%,0.26%,-0.76%,-0.08%,0.98%,0.56%,2.14%,0.32%,-0.93%,-0.45%,0.58%,3.55%,0.94%,1.99%,1.77%,-0.91%,1.55%,1.61%,0.65%,1.90%,0.93%,1.25%,1.15%,2.32%,-0.55%,0.93%,0.77%,0.32%,1.37%,1.76%,0.39%,2.27%,1.72%,1.34%,1.64%,1.63%,4.10%,0.88%,3.99%,0.35%,3.42%,4.05%,2.61%,2.66%,4.64%,3.53%,7.72%,6.59%,9.72%,6.80%,7.50%,4.79%,6.52%,7.43%,3.82%,8.50%,5.48%,9.53%,3.19%,2.24%,-1.12%,1.93%,-0.21%,7.21%,-0.17%,-2.52%,4.52%,-3.93%,-0.35%,-1.46%,-1.77%,-1.04%,-3.65%,-1.77%,-0.98%,-0.52%,-2.43%,-2.37%,-1.42%,0.23%,-0.08%,-0.91%,-0.51%,-0.51%
58,"Geneesmiddelen, vaccins en andere farmaceutische preparaten (ND)",-1.12%,-1.47%,-0.94%,-1.10%,-1.08%,-0.19%,-0.26%,-0.08%,-0.12%,-0.12%,-0.26%,-0.29%,-0.01%,1.55%,3.28%,3.28%,3.35%,2.91%,2.88%,2.86%,2.90%,2.90%,3.12%,3.42%,3.77%,1.48%,-0.39%,-0.32%,-0.35%,-0.53%,-0.53%,-0.45%,-0.45%,-0.45%,-0.18%,-0.45%,-0.88%,-0.66%,-0.58%,-0.67%,-0.59%,-0.59%,-0.54%,-0.59%,-0.59%,-0.60%,-0.77%,-0.77%,-0.55%,0.08%,0.06%,0.02%,-5.26%,-5.21%,-5.10%,-5.63%,-5.27%,-5.27%,-5.19%,-5.19%,-5.30%,-5.24%,-5.85%,-5.78%,-0.58%,-0.64%,-1.31%,-0.96%,-1.33%,-1.33%,-1.27%,-1.27%,-0.75%,-0.81%,-0.11%,-0.11%,-0.10%,-0.05%,0.51%,0.67%,0.94%,0.95%,0.97%,1.08%,0.94%,1.02%,1.02%,1.07%,1.29%,1.24%,1.21%,1.26%,1.01%,1.04%,1.04%,1.07%,0.99%,0.96%,1.07%,1.04%,0.92%,0.95%,1.01%,0.92%,0.90%,0.90%,0.83%,0.71%,0.55%,0.57%,0.48%,0.46%,0.38%,0.37%,0.36%,0.34%,0.43%,0.39%,16.9%,17.0%,17.0%
59,Gereedschappen en werktuigen met motor (D),0.13%,0.16%,0.76%,1.05%,0.82%,0.77%,0.71%,0.38%,0.25%,-0.05%,-0.20%,0.22%,0.16%,0.71%,-1.41%,-1.35%,-0.98%,-0.79%,-0.62%,-0.06%,-0.06%,0.31%,0.33%,-0.55%,-0.72%,-1.19%,0.73%,0.80%,0.41%,0.56%,0.29%,-0.61%,-0.53%,-0.95%,-0.93%,-0.40%,-0.15%,0.51%,0.07%,-0.38%,-0.38%,-0.04%,0.19%,0.63%,0.58%,1.11%,1.11%,1.06%,1.20%,0.44%,0.99%,1.01%,1.11%,0.42%,0.17%,0.33%,0.20%,0.28%,0.28%,0.37%,0.09%,0.16%,-0.23%,-0.29%,-0.39%,-0.21%,-0.06%,0.28%,0.78%,1.39%,1.39%,1.55%,3.05%,4.18%,4.29%,4.97%,4.97%,5.93%,6.43%,6.66%,6.82%,6.13%,6.13%,6.84%,7.00%,6.12%,5.85%,6.05%,6.05%,5.27%,4.95%,4.31%,3.88%,4.01%,4.01%,2.97%,1.03%,0.57%,0.10%,-1.03%,-1.03%,-0.53%,-1.24%,-1.61%,-1.89%,-2.23%,-2.23%,-2.26%,-2.64%,-1.61%,-1.03%,-0.49%,-0.49%,-1.23%,-0.23%,-0.14%,-0.39%,-0.33%,-0.33%,-0.13%,-0.13%
60,Gereedschappen zonder motor (SD),3.29%,3.17%,3.46%,3.17%,2.97%,2.54%,1.96%,1.77%,1.62%,1.42%,1.57%,1.53%,1.54%,1.25%,0.68%,0.59%,0.82%,0.81%,1.01%,0.80%,1.00%,1.03%,1.05%,0.79%,0.34%,0.70%,0.90%,1.05%,0.90%,1.23%,1.41%,1.29%,1.27%,0.97%,0.69%,0.53%,1.24%,1.17%,0.90%,0.95%,0.95%,0.77%,0.25%,0.74%,0.49%,0.59%,0.59%,0.90%,0.75%,0.66%,0.63%,0.12%,0.35%,0.18%,0.55%,0.42%,0.79%,1.00%,1.00%,1.44%,1.69%,1.68%,2.01%,2.40%,2.16%,2.83%,3.20%,4.52%,5.00%,6.28%,6.28%,7.47%,8.56%,10.4%,11.0%,11.2%,11.2%,11.1%,12.0%,11.7%,12.3%,11.5%,11.5%,11.3%,12.6%,11.1%,10.3%,11.2%,11.2%,10.7%,9.22%,7.93%,6.45%,5.70%,5.70%,3.97%,1.16%,0.35%,0.04%,-0.60%,-0.60%,-0.32%,-0.02%,-0.12%,-0.06%,0.24%,0.24%,0.48%,0.41%,1.05%,1.16%,0.94%,0.94%,0.61%,0.39%,0.24%,0.20%,-0.03%,-0.03%,0.06%,0.06%
61,"Glaswerk, kristal, aardewerk of porselein (SD)",2.41%,3.02%,3.19%,3.29%,3.23%,3.57%,3.38%,3.91%,3.50%,3.17%,3.38%,2.24%,2.01%,1.60%,1.50%,1.11%,1.19%,0.70%,0.52%,-0.08%,-0.46%,-0.19%,-0.23%,-0.29%,-0.60%,-0.87%,-1.00%,-0.84%,-0.88%,-0.77%,-0.39%,-0.03%,0.16%,0.17%,0.04%,-0.06%,0.57%,0.88%,0.71%,0.58%,0.58%,0.64%,0.09%,-0.35%,-0.17%,-0.15%,-0.15%,0.07%,0.15%,-0.02%,0.18%,0.15%,0.17%,0.12%,0.28%,0.63%,0.62%,1.07%,1.07%,1.01%,0.37%,0.45%,0.46%,0.40%,0.39%,0.31%,0.61%,0.57%,0.57%,0.04%,0.04%,0.27%,1.81%,2.10%,3.08%,3.81%,3.81%,4.49%,4.98%,5.76%,6.41%,6.75%,6.75%,8.02%,7.49%,7.70%,6.49%,6.68%,6.68%,6.95%,6.32%,6.07%,5.51%,5.50%,5.50%,3.57%,3.64%,2.53%,3.49%,3.60%,3.60%,3.13%,2.88%,4.02%,4.24%,3.93%,3.93%,5.06%,4.51%,5.18%,4.36%,3.26%,3.26%,2.75%,2.96%,1.56%,1.25%,1.04%,1.04%,0.64%,0.64%
62,Granen (ND),1.56%,2.38%,1.23%,0.74%,2.39%,1.20%,1.11%,1.58%,3.02%,2.78%,0.65%,2.73%,-0.98%,0.72%,0.60%,0.79%,-1.31%,0.41%,-0.57%,0.04%,0.95%,1.31%,-0.76%,1.18%,2.69%,2.16%,0.53%,3.11%,2.70%,0.99%,1.08%,1.35%,-0.93%,0.03%,1.21%,1.97%,0.15%,0.62%,-6.63%,1.41%,1.94%,1.01%,-0.46%,-1.84%,0.30%,0.47%,2.05%,1.69%,0.66%,0.53%,3.52%,0.55%,1.86%,4.29%,5.11%,3.16%,-1.46%,0.12%,4.98%,-1.47%,2.66%,0.49%,-0.30%,0.23%,0.10%,0.49%,0.20%,-0.14%,3.80%,2.74%,3.70%,3.92%,3.51%,1.94%,5.61%,6.85%,8.36%,10.7%,8.97%,9.66%,10.7%,14.1%,15.3%,16.3%,17.5%,22.3%,13.1%,17.1%,17.1%,13.7%,13.8%,14.2%,12.4%,8.62%,2.33%,6.13%,2.84%,-0.37%,1.55%,-0.81%,-4.00%,-3.82%,-0.82%,0.42%,2.56%,1.33%,3.34%,0.15%,3.83%,2.09%,6.53%,1.54%,0.85%,-0.17%,-0.05%,-2.80%,0.55%,0.58%,-3.03%,0.24%,0.24%
63,"Groene peulgroenten, vers of gekoeld (ND)",-0.79%,0.50%,4.38%,2.55%,4.96%,8.67%,2.68%,-4.05%,-2.26%,7.10%,12.4%,19.0%,13.3%,-4.66%,-3.86%,-2.39%,-4.61%,-4.14%,-4.09%,-3.10%,-3.55%,-5.24%,-7.98%,-14.7%,-11.7%,-2.92%,-5.45%,-2.38%,1.06%,-1.12%,5.57%,3.74%,3.40%,3.97%,3.58%,6.19%,4.94%,2.09%,5.53%,6.91%,4.18%,6.10%,0.42%,-2.74%,-4.00%,-4.12%,-2.46%,-0.54%,2.29%,6.96%,8.90%,9.01%,8.38%,5.05%,4.29%,8.31%,7.49%,2.97%,-2.73%,-1.27%,-3.15%,-4.71%,-5.98%,-7.50%,-3.76%,-2.18%,-0.86%,-3.30%,-2.48%,0.92%,3.06%,1.74%,3.81%,2.26%,4.95%,5.89%,5.77%,4.69%,4.97%,11.8%,16.3%,16.1%,14.8%,16.0%,23.1%,23.9%,23.8%,20.3%,20.5%,22.3%,15.3%,8.94%,8.89%,8.44%,11.1%,8.41%,-2.37%,-6.31%,-6.53%,-1.53%,-1.92%,-2.48%,2.89%,5.15%,3.49%,2.34%,2.09%,-0.25%,1.07%,-1.49%,-0.27%,0.40%,0.26%,0.73%,1.30%,-1.34%,-2.31%,-2.18%,3.06%,-2.17%,-2.17%
64,Groente- en fruitsappen (ND),2.41%,1.51%,2.57%,4.27%,4.36%,4.44%,2.82%,5.46%,4.38%,3.84%,2.82%,5.90%,4.06%,4.22%,2.77%,1.83%,2.24%,2.48%,3.31%,2.44%,3.23%,1.44%,2.09%,2.37%,2.58%,2.90%,2.74%,3.38%,2.27%,0.53%,1.66%,1.09%,-0.04%,2.07%,-1.80%,-0.35%,0.05%,-1.54%,-3.85%,-0.87%,-1.43%,0.65%,-2.57%,-1.54%,-2.09%,-1.26%,-1.39%,0.45%,5.49%,2.40%,1.50%,1.79%,-2.15%,8.99%,-0.69%,-4.07%,-5.52%,-1.20%,3.20%,-0.71%,-3.37%,-3.92%,-3.57%,-3.27%,-0.95%,-3.18%,-1.73%,0.24%,2.81%,-0.81%,-1.15%,4.44%,6.77%,5.48%,5.19%,8.91%,5.73%,9.67%,12.1%,11.2%,11.7%,11.4%,9.42%,12.1%,10.4%,14.7%,15.9%,14.7%,16.1%,14.7%,11.6%,8.50%,8.26%,10.7%,12.0%,7.07%,3.36%,-4.77%,8.33%,3.86%,5.47%,-4.80%,5.76%,11.3%,12.0%,7.93%,9.90%,4.85%,7.77%,17.0%,6.64%,3.28%,7.78%,7.10%,7.51%,5.89%,5.67%,5.56%,10.8%,12.2%,12.2%
65,"Groenten, knollen, plantains en bakbananen, bevroren (ND)",-1.84%,-3.93%,-0.26%,0.44%,-0.60%,0.02%,-1.41%,-0.05%,1.07%,0.25%,0.29%,2.23%,-2.66%,3.19%,0.44%,-0.48%,1.43%,-0.12%,1.34%,-0.58%,-1.51%,0.44%,1.55%,0.03%,1.14%,-0.30%,-0.35%,-1.96%,-1.97%,-4.68%,-7.40%,-2.98%,-10.8%,-5.02%,-1.30%,-1.00%,0.74%,-2.74%,-1.06%,1.18%,1.66%,5.11%,7.28%,-2.39%,9.75%,4.97%,6.09%,4.57%,4.33%,2.80%,2.97%,0.72%,1.13%,1.15%,3.22%,4.72%,3.61%,-1.90%,-0.60%,-0.20%,-1.21%,-1.47%,-1.20%,-0.24%,-1.77%,-0.39%,-1.32%,0.77%,0.50%,1.45%,1.52%,1.76%,2.01%,2.24%,2.34%,3.46%,5.40%,6.52%,8.28%,12.9%,16.4%,18.1%,22.1%,22.3%,20.4%,20.6%,22.4%,20.9%,21.2%,23.3%,23.0%,12.6%,11.0%,8.94%,5.11%,2.55%,6.96%,6.03%,2.32%,6.72%,4.44%,0.44%,-1.70%,5.38%,0.62%,2.01%,5.61%,4.91%,6.06%,3.23%,4.03%,3.64%,1.48%,2.98%,3.57%,2.94%,3.49%,2.64%,-1.98%,-1.41%,-1.41%
66,"Groenten, knollen, plantains, bakbananen en peulvruchten, gemalen, en in andere bereidingen (ND)",9.59%,5.98%,5.10%,5.14%,0.60%,0.11%,-0.82%,-0.37%,0.58%,0.17%,0.71%,1.12%,1.41%,0.27%,1.86%,2.17%,1.66%,-0.40%,0.41%,-0.28%,0.18%,1.29%,1.21%,0.69%,0.81%,0.23%,-0.72%,-1.87%,0.02%,-0.20%,0.78%,3.09%,2.39%,1.27%,2.17%,1.98%,2.12%,2.57%,3.90%,4.18%,2.14%,3.63%,2.61%,-0.14%,-1.22%,0.38%,1.26%,3.14%,1.77%,2.71%,2.73%,3.66%,4.21%,4.24%,1.78%,3.48%,3.10%,2.26%,1.94%,-0.26%,-0.88%,-1.97%,-3.18%,-3.09%,-2.26%,-0.65%,0.30%,-0.15%,1.56%,2.55%,1.99%,5.00%,6.29%,5.03%,7.16%,7.70%,9.32%,9.52%,9.29%,12.9%,15.9%,18.9%,19.2%,21.5%,21.4%,22.9%,21.0%,19.3%,18.8%,19.4%,18.3%,15.5%,13.6%,10.5%,13.1%,7.75%,7.96%,6.30%,6.13%,4.99%,4.39%,2.98%,5.17%,6.65%,3.98%,2.60%,3.53%,3.47%,4.29%,2.72%,2.07%,3.11%,1.51%,0.19%,0.12%,-0.43%,0.59%,0.66%,-1.84%,-1.86%,-1.86%
67,Grote keukenapparaten (D),-1.19%,-1.52%,-1.00%,-0.82%,-0.82%,-0.89%,-1.67%,-1.28%,-1.67%,-1.87%,-2.41%,-2.36%,-1.07%,-0.70%,-1.72%,-1.52%,-1.49%,-1.71%,-1.38%,-1.43%,-0.91%,-0.52%,-0.03%,-1.03%,-1.42%,-1.37%,-0.71%,-0.58%,-0.88%,-1.28%,-0.70%,-0.43%,-0.45%,-0.86%,-0.71%,-0.08%,-0.17%,-0.26%,0.05%,-1.01%,-0.62%,0.08%,-0.65%,-0.84%,0.21%,0.77%,0.77%,-0.23%,0.19%,0.47%,1.60%,2.53%,0.97%,0.89%,2.93%,2.06%,1.86%,1.03%,0.46%,2.00%,0.59%,0.03%,-0.85%,-0.92%,0.46%,0.40%,-1.09%,0.16%,-0.54%,0.47%,0.73%,0.38%,-2.07%,-0.17%,1.15%,1.23%,1.29%,2.75%,4.31%,3.65%,6.13%,6.84%,6.76%,3.86%,5.29%,6.54%,6.12%,7.40%,7.25%,1.77%,1.26%,0.86%,0.78%,-0.83%,-0.75%,-1.14%,1.09%,-4.19%,-4.85%,-3.57%,-3.45%,-7.82%,-6.85%,-8.00%,-3.78%,-13.5%,-13.5%,-7.63%,-7.47%,-7.82%,-8.56%,-6.81%,-6.81%,-6.62%,-6.05%,-6.60%,-2.13%,-9.38%,-9.38%,-4.24%,-4.24%
68,Grote wasmachines (D),-1.95%,-1.68%,-1.29%,-0.54%,-1.17%,-1.70%,-1.90%,-2.13%,-2.16%,-1.53%,0.98%,0.96%,-0.38%,-0.59%,-2.04%,-0.24%,-0.29%,-0.21%,-0.07%,0.24%,-0.01%,1.72%,-1.26%,-2.57%,-1.54%,-1.20%,0.01%,-1.47%,1.05%,-0.52%,2.29%,3.18%,4.23%,3.27%,3.36%,2.85%,3.13%,1.53%,-0.01%,-0.63%,-3.13%,-2.55%,-5.34%,-6.10%,-6.39%,-7.34%,-6.40%,-5.55%,-6.13%,-5.31%,-3.33%,-2.86%,-3.25%,-1.73%,0.28%,-0.25%,1.41%,0.48%,0.45%,1.50%,1.99%,3.02%,2.32%,2.78%,3.34%,2.39%,1.10%,5.71%,2.02%,4.71%,4.45%,1.31%,-2.55%,-0.46%,0.06%,1.42%,1.42%,0.58%,2.82%,-1.47%,2.10%,1.72%,1.72%,0.82%,4.07%,5.38%,5.50%,6.32%,6.32%,0.23%,-0.01%,-0.01%,2.35%,-1.68%,-1.68%,0.45%,1.57%,-2.68%,-5.47%,-2.54%,-2.54%,-6.35%,-4.76%,-4.39%,0.54%,-10.5%,-10.5%,-8.53%,-6.40%,-6.21%,-5.80%,-7.40%,-7.40%,-5.75%,-6.70%,-9.11%,-2.64%,-9.66%,-9.66%,-5.14%,-5.14%
69,Heren- of jongenskleding(SD),0.26%,0.53%,0.71%,0.76%,1.11%,1.13%,1.15%,0.94%,0.88%,0.93%,0.55%,0.73%,0.78%,0.52%,0.35%,0.25%,0.95%,0.69%,0.92%,0.89%,0.95%,0.89%,0.83%,0.67%,0.63%,1.02%,1.12%,0.98%,0.17%,0.35%,0.13%,0.30%,0.24%,0.27%,0.12%,0.12%,0.36%,0.10%,0.01%,0.21%,0.69%,0.57%,0.91%,1.04%,1.20%,1.20%,1.21%,1.03%,0.81%,0.39%,0.30%,0.28%,0.63%,0.81%,0.72%,0.48%,0.32%,0.23%,-0.23%,0.07%,-0.04%,0.33%,0.41%,0.36%,0.36%,0.48%,0.33%,0.42%,0.48%,0.56%,0.56%,1.77%,1.65%,0.81%,-1.36%,-2.94%,-2.94%,-2.75%,0.39%,2.88%,5.26%,6.12%,6.12%,1.28%,1.16%,1.89%,4.19%,6.92%,6.92%,8.11%,3.83%,2.22%,0.22%,-0.13%,-0.13%,1.43%,3.07%,2.61%,4.03%,4.62%,4.62%,4.68%,5.75%,5.67%,7.78%,4.73%,4.73%,0.74%,-4.11%,-4.05%,-3.48%,-4.02%,-4.02%,-5.67%,-3.84%,-2.10%,-4.07%,-1.01%,-1.01%,0.30%,0.30%
70,Herenschoenen (SD),0.69%,0.76%,0.79%,0.80%,0.70%,0.69%,0.69%,0.76%,0.52%,0.61%,1.26%,1.33%,1.59%,1.13%,1.38%,1.34%,0.82%,0.97%,1.05%,0.70%,0.85%,0.53%,0.67%,0.71%,0.42%,0.66%,0.57%,0.53%,1.50%,1.54%,1.44%,1.85%,2.07%,2.25%,1.18%,1.82%,0.19%,0.13%,-0.32%,-0.06%,0.00%,0.11%,0.15%,0.05%,-0.23%,-0.01%,0.32%,-1.22%,-0.28%,0.15%,0.68%,0.37%,0.02%,0.36%,0.17%,-0.10%,-0.50%,-1.85%,-1.78%,-0.99%,0.26%,-0.17%,-0.66%,-0.68%,-0.57%,-0.95%,-0.69%,-0.75%,-0.39%,0.69%,0.69%,0.22%,0.74%,1.02%,2.19%,3.56%,3.56%,4.12%,5.16%,6.24%,6.85%,7.06%,7.06%,8.22%,6.69%,6.64%,6.28%,4.70%,4.70%,4.75%,6.13%,5.71%,3.76%,4.72%,4.72%,4.29%,5.01%,4.96%,4.40%,4.01%,4.01%,3.35%,-0.04%,-0.83%,0.49%,-0.49%,-0.49%,-0.74%,-1.59%,-2.18%,-1.50%,-0.94%,-0.94%,-0.83%,0.17%,0.73%,0.83%,0.69%,0.69%,0.05%,0.05%
71,"Hotels, motels, herbergen en dergelijke (S)",4.21%,1.01%,2.97%,3.36%,5.62%,5.48%,5.21%,0.73%,1.43%,1.92%,-1.21%,-0.94%,-0.84%,7.02%,1.86%,-0.86%,3.55%,5.26%,1.25%,5.16%,2.53%,5.59%,2.64%,4.64%,-0.12%,-0.97%,3.12%,-5.22%,3.94%,0.40%,-1.11%,0.42%,3.62%,1.71%,-0.80%,-0.93%,5.69%,9.53%,4.20%,19.0%,6.28%,7.90%,5.55%,6.68%,4.06%,-0.48%,13.3%,12.0%,1.01%,1.01%,1.01%,-5.00%,-3.52%,1.13%,-1.84%,-4.37%,-4.37%,-4.37%,-4.37%,-4.37%,-4.37%,-4.37%,-4.37%,-4.37%,2.03%,4.78%,-9.77%,5.55%,8.46%,8.85%,9.21%,5.72%,8.03%,9.02%,8.76%,14.4%,13.7%,14.1%,31.2%,12.4%,12.0%,14.3%,12.9%,17.6%,20.6%,15.6%,29.4%,20.4%,19.4%,21.3%,21.4%,22.1%,13.3%,13.5%,1.46%,5.13%,4.66%,5.56%,-0.77%,4.96%,0.89%,-5.80%,-2.41%,-4.63%,-0.22%,5.46%,4.07%,-0.89%,-2.57%,-3.92%,0.19%,2.19%,5.69%,3.17%,5.13%,-1.51%,3.44%,6.30%,4.46%,11.6%,11.6%
72,"Houtbrandstof, met inbegrip van pellets en briketten (ND)",-3.34%,-5.20%,-6.10%,-6.15%,-6.46%,-6.02%,-4.74%,-4.55%,-5.01%,-5.40%,-5.13%,-4.45%,-4.47%,-4.36%,-3.68%,-3.18%,-3.24%,-2.64%,-2.72%,-2.70%,-2.01%,-1.23%,-0.71%,-0.11%,1.21%,1.78%,2.15%,1.88%,2.08%,2.57%,1.64%,3.14%,3.22%,2.98%,2.35%,3.01%,2.12%,2.12%,1.82%,2.29%,2.79%,2.85%,3.55%,5.60%,6.76%,7.13%,7.36%,6.72%,6.79%,7.33%,6.98%,6.41%,5.53%,4.79%,4.86%,4.14%,3.82%,3.52%,3.71%,2.86%,1.72%,0.46%,0.85%,0.69%,0.71%,0.98%,1.03%,-0.72%,-1.88%,-2.30%,-1.77%,1.07%,6.85%,17.6%,19.5%,21.3%,24.2%,31.4%,48.3%,73.5%,96.7%,103%,103%,100%,109%,91.5%,86.9%,75.8%,48.4%,37.0%,12.5%,-3.69%,-18.4%,-23.4%,-25.3%,-26.4%,-32.7%,-30.2%,-29.5%,-26.8%,-16.9%,-16.4%,-11.0%,-13.8%,-11.7%,-9.80%,-8.96%,-8.15%,-7.75%,-11.5%,-12.1%,-11.4%,-10.4%,-9.19%,-6.63%,-2.50%,0.89%,1.86%,3.17%,2.65%,2.65%
73,Houtskool (ND),-0.26%,-0.34%,0.71%,2.23%,2.36%,1.89%,2.01%,1.51%,1.27%,1.14%,0.91%,1.20%,0.51%,1.45%,2.82%,1.64%,2.38%,2.98%,2.94%,2.49%,2.49%,3.02%,2.96%,2.59%,3.35%,2.10%,1.11%,1.19%,0.63%,0.57%,1.48%,1.81%,1.71%,1.31%,1.35%,1.80%,1.70%,1.73%,1.70%,1.77%,2.24%,2.44%,1.76%,2.14%,1.82%,2.05%,2.19%,1.81%,1.96%,2.84%,2.98%,2.65%,2.23%,2.42%,3.21%,2.73%,3.16%,3.33%,3.17%,3.29%,3.26%,3.03%,2.67%,2.84%,3.50%,3.65%,3.20%,3.82%,3.96%,3.85%,4.07%,3.93%,5.44%,6.76%,6.86%,6.54%,6.67%,6.56%,6.77%,7.21%,8.87%,8.59%,9.37%,10.1%,10.9%,11.0%,11.5%,14.1%,13.7%,14.2%,14.1%,12.9%,10.7%,11.0%,10.6%,9.97%,7.63%,5.84%,5.33%,3.14%,1.80%,1.39%,1.36%,2.06%,2.39%,1.63%,1.15%,0.82%,0.94%,0.65%,0.59%,-0.12%,0.42%,0.18%,-0.15%,-1.30%,-1.25%,-0.15%,-0.06%,0.29%,0.29%
74,Huishoudelijke diensten van betaald personeel (S),2.79%,2.04%,1.52%,1.06%,0.55%,0.31%,0.21%,0.19%,0.20%,0.20%,0.30%,0.58%,1.06%,1.09%,1.09%,1.09%,1.00%,1.03%,1.03%,1.01%,1.01%,1.12%,1.02%,0.80%,0.61%,0.63%,0.71%,0.73%,0.73%,0.67%,0.73%,0.81%,0.83%,0.80%,1.22%,1.14%,0.92%,0.99%,1.35%,1.32%,1.35%,1.34%,1.34%,1.35%,1.33%,1.25%,6.63%,6.63%,6.53%,6.38%,6.04%,6.16%,6.20%,6.20%,6.14%,6.05%,6.08%,6.08%,0.42%,0.42%,0.51%,0.55%,0.44%,0.32%,0.26%,0.27%,0.27%,0.53%,0.57%,0.73%,0.81%,0.86%,1.00%,1.07%,1.20%,1.43%,1.43%,1.52%,1.59%,1.34%,1.46%,1.31%,1.15%,1.20%,1.12%,1.94%,2.15%,2.20%,2.29%,2.29%,2.28%,2.30%,2.10%,2.16%,10.6%,10.6%,11.3%,10.3%,9.91%,10.4%,10.4%,10.3%,10.2%,10.2%,10.3%,10.2%,22.9%,23.5%,22.6%,22.6%,22.8%,22.0%,21.8%,21.8%,21.8%,21.8%,21.8%,21.9%,4.35%,3.71%,3.71%
75,Huishoudelijke schoonmaak- en onderhoudsproducten (ND),2.25%,3.81%,2.82%,1.08%,1.63%,1.52%,0.06%,0.34%,0.22%,-1.02%,-2.00%,-1.44%,-0.25%,1.16%,0.93%,-2.11%,0.44%,0.46%,0.64%,-2.88%,-2.11%,-0.45%,0.34%,-1.79%,-1.48%,-1.12%,2.27%,5.99%,1.97%,1.52%,-0.25%,2.29%,2.00%,4.27%,2.01%,2.91%,1.58%,-0.40%,-1.67%,-2.38%,-0.13%,-3.03%,-0.14%,-0.88%,-1.99%,-1.91%,1.59%,3.84%,0.84%,5.84%,1.62%,1.60%,0.14%,2.29%,2.28%,1.69%,1.03%,-1.79%,0.92%,-3.66%,1.69%,-5.38%,-1.51%,-0.32%,-0.42%,-3.20%,1.01%,-1.23%,-2.58%,0.19%,2.36%,4.37%,5.38%,5.28%,4.74%,6.58%,10.8%,10.3%,9.49%,12.5%,12.2%,10.8%,12.7%,15.4%,15.2%,16.5%,11.2%,14.7%,10.8%,12.4%,10.7%,8.37%,6.57%,7.84%,-0.79%,-2.20%,-4.27%,-5.19%,-3.05%,-6.54%,-6.37%,-2.23%,-8.99%,-4.43%,-2.95%,-2.33%,3.15%,2.17%,0.56%,-0.90%,1.79%,-0.24%,0.53%,-0.63%,2.64%,0.14%,1.69%,1.60%,-6.30%,-3.87%,-3.87%
76,Hulpmiddelen voor gehoor en communicatie (D),-0.96%,-0.85%,-0.35%,-0.33%,-0.31%,-0.24%,-0.16%,0.12%,0.26%,0.27%,0.42%,0.43%,0.47%,0.42%,0.42%,0.51%,0.68%,0.65%,0.59%,0.66%,0.63%,0.63%,0.57%,1.24%,1.06%,1.08%,1.01%,0.91%,0.72%,0.72%,0.72%,0.72%,0.72%,0.72%,0.68%,0.40%,1.10%,1.23%,1.22%,1.21%,1.21%,1.27%,1.25%,1.25%,1.27%,1.55%,1.67%,1.26%,0.71%,0.54%,0.55%,0.55%,1.04%,1.06%,0.47%,0.71%,0.68%,0.41%,0.29%,0.36%,0.09%,0.26%,0.26%,0.24%,-0.20%,-0.03%,0.90%,1.20%,1.44%,1.47%,1.36%,1.03%,1.44%,1.83%,1.90%,2.19%,2.39%,2.21%,2.29%,2.15%,1.90%,2.30%,2.56%,4.25%,6.00%,5.25%,5.25%,5.52%,5.52%,5.46%,6.29%,5.96%,6.07%,5.63%,5.70%,5.01%,3.27%,3.52%,3.55%,2.92%,2.75%,2.79%,1.73%,2.37%,2.43%,2.44%,2.49%,2.03%,1.91%,1.97%,2.18%,2.43%,2.43%,2.35%,2.57%,1.85%,1.87%,2.01%,2.19%,2.21%,2.21%
77,Hulpmiddelen voor gezichtsvermogen (D),1.31%,1.29%,1.13%,0.89%,0.88%,0.92%,0.89%,0.96%,0.83%,0.96%,0.99%,1.18%,0.77%,0.83%,0.64%,0.80%,0.82%,0.80%,0.48%,0.67%,0.88%,0.77%,0.77%,0.69%,0.95%,0.66%,0.64%,0.63%,0.60%,0.79%,1.06%,0.81%,0.64%,0.66%,0.57%,0.53%,0.26%,0.30%,0.67%,0.69%,0.67%,0.51%,0.48%,0.41%,0.71%,0.68%,0.78%,0.76%,0.74%,0.74%,0.41%,0.40%,0.51%,0.53%,0.48%,0.68%,0.37%,0.31%,0.35%,0.36%,0.34%,0.34%,0.30%,0.09%,0.07%,0.17%,0.55%,1.29%,1.62%,1.88%,1.82%,1.85%,2.73%,3.25%,3.59%,3.91%,3.97%,3.80%,3.72%,3.53%,3.48%,3.23%,3.18%,3.35%,3.20%,2.95%,2.77%,3.39%,3.43%,3.57%,3.49%,2.75%,2.54%,2.66%,2.92%,2.75%,2.63%,2.76%,2.83%,2.29%,2.35%,2.46%,2.52%,2.95%,3.12%,2.88%,2.81%,3.32%,2.74%,2.65%,2.61%,2.57%,2.37%,2.25%,2.07%,1.71%,1.56%,1.85%,1.61%,1.31%,1.31%
78,Hulpmiddelen voor mobiliteit en dagelijks leven (D),.,.,.,.,.,.,.,.,.,.,.,.,.,.,.,.,.,.,.,.,.,.,.,.,.,.,.,.,.,.,.,.,.,1.38%,2.19%,2.60%,3.12%,1.61%,0.98%,1.38%,1.60%,2.09%,1.77%,0.70%,0.56%,0.40%,0.61%,0.70%,1.35%,2.79%,3.14%,2.58%,1.51%,-0.89%,-0.88%,0.36%,0.33%,1.12%,0.18%,-0.22%,-0.49%,-1.26%,-0.75%,-0.82%,0.61%,1.22%,2.49%,0.62%,1.57%,1.85%,2.47%,2.13%,2.19%,1.64%,1.71%,1.92%,1.89%,4.51%,3.77%,5.13%,4.96%,5.23%,5.84%,6.11%,6.12%,4.76%,4.22%,3.96%,3.79%,1.89%,1.69%,1.67%,2.30%,1.77%,0.58%,0.38%,0.72%,0.76%,0.70%,1.43%,1.85%,1.91%,1.56%,2.41%,1.25%,2.47%,4.05%,4.91%,4.12%,5.29%,6.06%,5.80%,5.54%,6.01%,5.97%,5.20%,4.66%,2.63%,1.68%,0.84%,0.84%
79,"IJs, roomijs en sorbets (ND)",1.32%,0.81%,-1.52%,-2.70%,1.89%,-0.96%,1.81%,0.92%,1.35%,2.29%,1.09%,0.65%,2.59%,1.83%,1.75%,1.94%,-2.81%,0.18%,-0.40%,-0.16%,-0.85%,-0.68%,0.81%,1.58%,0.95%,1.78%,2.23%,2.44%,4.16%,3.82%,2.20%,2.41%,2.89%,-1.76%,2.05%,2.93%,3.59%,1.56%,2.34%,2.38%,-1.26%,-1.29%,3.16%,4.43%,1.34%,6.17%,3.04%,2.93%,0.94%,6.91%,6.39%,4.70%,4.75%,7.57%,1.87%,1.02%,-0.56%,4.25%,2.10%,4.90%,7.60%,0.28%,-2.37%,-1.63%,-1.41%,1.51%,0.56%,-1.16%,2.76%,2.83%,2.38%,3.58%,-1.62%,7.71%,8.49%,9.84%,9.65%,11.3%,14.4%,14.0%,16.9%,16.3%,15.9%,12.7%,18.8%,19.6%,21.3%,16.5%,13.4%,15.1%,15.0%,6.63%,9.33%,9.05%,13.1%,7.94%,9.95%,-2.50%,-3.46%,4.27%,9.61%,0.84%,1.14%,8.69%,5.07%,-0.34%,-1.92%,1.64%,-1.73%,-0.11%,1.88%,1.66%,0.65%,-0.25%,2.18%,0.29%,4.89%,3.20%,-0.22%,-1.85%,-1.85%
80,Intramurale curatieve zorg en revalidatiediensten (S),0.46%,0.46%,0.46%,0.60%,0.66%,0.66%,0.67%,0.71%,0.69%,0.74%,0.79%,2.01%,1.98%,1.98%,1.98%,1.85%,1.80%,1.82%,1.83%,2.03%,2.15%,2.10%,3.22%,1.82%,1.85%,1.85%,1.85%,1.83%,1.83%,1.81%,1.79%,1.55%,1.43%,1.43%,1.44%,1.62%,1.56%,1.56%,1.56%,1.56%,1.56%,1.56%,1.56%,1.56%,1.56%,1.56%,0.41%,0.57%,0.60%,0.60%,0.60%,0.66%,0.66%,0.71%,0.71%,0.71%,0.71%,0.71%,0.68%,1.68%,1.69%,1.69%,1.70%,1.63%,1.71%,1.66%,1.66%,1.66%,1.66%,1.66%,4.00%,3.11%,3.38%,3.39%,3.38%,3.38%,3.34%,3.34%,3.34%,3.35%,3.40%,3.41%,8.18%,7.87%,7.62%,7.61%,7.61%,7.61%,7.58%,7.58%,7.58%,7.56%,7.51%,7.49%,2.69%,2.26%,2.23%,2.23%,2.23%,2.23%,2.23%,2.23%,2.23%,2.23%,2.23%,2.23%,2.23%,2.23%,2.23%,2.23%,2.23%,2.23%,2.23%,2.23%,2.23%,2.23%,2.23%,2.23%,1.48%,1.48%,1.48%
81,"Jam, marmelade, vruchtengelei, vruchtenmoes en vruchtenpasta, en honing (ND)",2.38%,2.98%,1.11%,2.00%,0.79%,2.28%,1.25%,1.88%,1.80%,1.57%,1.62%,1.55%,-0.16%,-1.04%,0.71%,0.02%,1.65%,0.37%,1.54%,0.60%,1.62%,0.50%,1.06%,-0.85%,1.63%,3.51%,3.71%,2.92%,-0.42%,1.37%,-0.64%,1.84%,0.05%,0.59%,0.72%,1.19%,-0.00%,-3.44%,-0.85%,-2.37%,3.16%,0.14%,-1.02%,-0.17%,1.61%,1.72%,-2.81%,2.75%,2.18%,5.63%,-0.38%,2.23%,3.65%,3.57%,2.32%,3.25%,4.29%,1.19%,6.02%,0.69%,0.29%,-0.48%,2.38%,-1.97%,0.15%,0.11%,0.74%,1.86%,3.47%,2.68%,7.12%,7.10%,8.07%,7.16%,2.90%,8.42%,10.2%,13.9%,8.69%,7.04%,10.9%,15.8%,14.8%,15.2%,20.7%,21.1%,21.7%,21.8%,19.5%,17.6%,16.5%,14.7%,10.7%,8.76%,6.38%,3.92%,0.73%,-2.91%,-3.60%,1.07%,-4.36%,-5.51%,-0.38%,0.44%,-2.28%,-0.01%,2.40%,2.81%,1.72%,2.85%,6.53%,1.99%,2.96%,2.94%,3.53%,4.48%,3.50%,5.27%,0.73%,0.74%,0.74%
82,Kaas (ND),-1.50%,-1.19%,-0.78%,-1.07%,-1.34%,-2.10%,-1.41%,-1.62%,-1.22%,-0.66%,-1.09%,-0.28%,-0.33%,-0.41%,0.33%,0.78%,0.82%,2.16%,2.57%,1.65%,3.29%,2.72%,4.05%,4.31%,5.25%,6.44%,5.36%,5.22%,5.11%,3.55%,3.53%,4.69%,3.32%,3.29%,2.99%,2.69%,2.12%,0.05%,0.88%,0.01%,0.28%,1.98%,0.19%,-0.47%,0.11%,0.78%,1.03%,0.64%,0.88%,1.86%,1.84%,0.70%,1.88%,1.24%,1.47%,2.75%,0.83%,1.32%,1.89%,1.12%,0.56%,-0.01%,0.50%,0.92%,-0.29%,0.80%,0.31%,0.31%,0.91%,2.30%,2.48%,3.97%,5.37%,5.16%,7.82%,10.7%,14.2%,10.9%,12.0%,14.9%,20.3%,21.6%,23.2%,25.2%,26.4%,26.4%,23.8%,20.1%,17.1%,19.9%,17.3%,15.9%,10.5%,9.42%,11.6%,8.58%,6.26%,2.17%,1.98%,2.65%,2.56%,2.52%,4.83%,2.54%,3.83%,2.24%,3.22%,2.80%,2.88%,4.37%,3.14%,4.58%,3.33%,2.73%,3.25%,3.08%,3.59%,2.78%,-3.15%,-2.74%,-2.74%
83,Kampeerartikelen en artikelen voor recreatie in de open lucht (SD),-0.04%,0.67%,1.05%,1.02%,0.58%,0.98%,1.01%,1.28%,1.62%,1.96%,2.02%,1.85%,2.00%,1.95%,1.63%,1.31%,1.18%,1.09%,1.34%,1.61%,1.11%,0.96%,0.74%,0.86%,1.77%,1.45%,0.83%,0.72%,0.71%,0.96%,0.88%,0.93%,1.14%,1.26%,1.42%,1.15%,0.41%,1.14%,1.94%,2.42%,2.42%,1.75%,1.52%,1.07%,0.96%,1.11%,1.11%,1.57%,1.58%,0.12%,-0.34%,-0.65%,-0.49%,-0.31%,-0.77%,-0.57%,-0.15%,-0.65%,-0.65%,-0.82%,-0.87%,0.19%,0.43%,0.27%,0.11%,0.22%,0.29%,0.43%,0.62%,1.01%,1.01%,0.94%,1.81%,2.64%,2.84%,3.72%,3.72%,5.52%,6.16%,6.55%,6.06%,6.02%,6.02%,7.51%,7.66%,7.32%,7.69%,7.36%,7.36%,6.37%,6.97%,6.63%,6.66%,6.42%,6.42%,4.57%,3.75%,2.67%,2.31%,2.44%,2.44%,1.02%,1.01%,0.42%,0.45%,0.58%,0.58%,0.08%,0.16%,0.50%,0.73%,0.50%,0.50%,0.63%,0.05%,0.62%,0.35%,0.51%,0.51%,1.09%,1.09%
84,Kant- en klaargerechten (ND),2.24%,1.44%,0.99%,1.55%,2.05%,1.63%,0.87%,1.75%,2.37%,0.96%,0.36%,1.73%,1.05%,1.00%,2.08%,1.61%,2.21%,2.03%,0.91%,1.09%,1.58%,2.80%,2.17%,0.55%,1.36%,1.85%,1.32%,1.25%,0.99%,0.61%,0.23%,0.05%,0.43%,0.39%,0.85%,-0.98%,0.05%,-0.47%,-0.99%,0.02%,0.10%,0.69%,0.44%,-0.41%,-0.64%,-0.18%,0.65%,1.69%,1.27%,1.73%,3.08%,-0.59%,1.29%,2.13%,3.48%,2.68%,0.06%,0.85%,1.55%,-1.04%,-0.29%,-0.96%,-1.49%,-0.17%,-0.43%,-0.36%,-2.27%,-0.43%,0.53%,0.29%,2.48%,3.16%,4.10%,4.49%,6.40%,6.74%,8.66%,10.7%,12.5%,13.7%,17.2%,17.4%,19.4%,20.2%,21.5%,20.9%,19.0%,18.1%,17.3%,14.8%,13.3%,11.6%,7.70%,5.13%,3.62%,4.01%,0.57%,-0.87%,-0.02%,1.21%,-1.81%,-1.75%,-1.22%,-1.76%,0.59%,2.39%,2.27%,2.48%,2.46%,2.68%,0.73%,2.09%,1.90%,1.27%,1.48%,1.88%,2.15%,0.83%,-1.15%,-0.86%,-0.86%
85,"Kantines en cafetaria’s van universiteiten, scholen en kleuterscholen (S)",0.74%,0.74%,0.74%,0.74%,0.74%,1.24%,1.52%,1.31%,1.31%,1.31%,1.31%,1.31%,1.31%,1.31%,1.31%,1.31%,1.31%,0.82%,1.53%,3.46%,3.46%,3.46%,3.46%,3.46%,3.46%,3.46%,3.46%,3.46%,3.46%,3.39%,2.63%,0.72%,0.72%,0.72%,0.72%,0.72%,0.72%,0.72%,0.72%,0.72%,0.72%,0.79%,1.07%,2.56%,2.75%,2.75%,2.75%,2.75%,2.75%,2.75%,2.75%,2.75%,2.75%,2.75%,2.53%,1.05%,0.86%,0.86%,0.86%,0.86%,0.86%,0.86%,0.86%,0.86%,0.86%,0.72%,0.78%,1.37%,1.59%,1.59%,1.59%,1.67%,1.67%,1.67%,1.67%,1.67%,1.78%,2.08%,3.47%,4.33%,4.10%,4.21%,4.64%,4.87%,5.17%,5.17%,5.48%,5.48%,5.42%,5.26%,8.55%,7.15%,7.15%,7.04%,6.60%,6.28%,5.98%,5.98%,5.67%,5.67%,5.61%,6.14%,2.40%,2.29%,2.29%,2.29%,2.29%,2.29%,2.29%,2.29%,2.47%,2.47%,2.56%,2.92%,2.80%,2.88%,2.88%,2.88%,2.95%,2.95%,2.95%
86,Kappersdiensten (S),2.34%,2.25%,2.16%,2.37%,2.31%,2.34%,2.33%,2.41%,2.35%,2.28%,2.01%,1.74%,1.91%,1.89%,1.96%,1.77%,1.63%,1.61%,1.67%,1.74%,2.04%,2.06%,2.27%,2.30%,2.05%,1.88%,1.79%,1.71%,1.70%,1.79%,1.86%,1.63%,1.54%,1.53%,1.36%,1.42%,1.53%,1.73%,1.81%,1.81%,1.90%,1.82%,1.79%,2.06%,2.01%,2.09%,2.24%,2.24%,2.12%,1.96%,1.83%,2.62%,2.70%,2.97%,2.89%,2.62%,2.43%,2.34%,1.99%,1.75%,1.70%,1.70%,1.69%,1.92%,2.45%,2.30%,2.37%,2.89%,2.97%,3.29%,3.67%,3.93%,4.97%,5.62%,6.07%,5.36%,5.20%,5.22%,5.38%,5.35%,5.79%,6.23%,6.86%,6.85%,6.37%,6.06%,6.07%,6.06%,6.14%,6.42%,6.31%,5.90%,5.82%,5.30%,4.49%,4.36%,4.06%,4.23%,4.32%,4.28%,3.98%,3.60%,3.67%,3.88%,3.70%,3.60%,4.12%,4.20%,4.21%,4.24%,4.05%,3.89%,4.01%,4.04%,3.98%,3.76%,3.60%,3.58%,3.07%,3.11%,3.11%
87,Keukengerei en -artikelen (SD),0.91%,1.20%,1.33%,1.37%,1.59%,1.28%,1.06%,1.55%,1.79%,1.58%,1.59%,1.27%,1.33%,1.17%,1.15%,1.32%,1.36%,1.82%,1.88%,1.53%,1.26%,1.41%,1.40%,1.52%,1.71%,1.66%,1.91%,1.62%,1.29%,1.06%,1.57%,1.22%,1.85%,1.93%,1.71%,1.25%,1.53%,1.71%,1.03%,0.86%,0.86%,0.78%,0.42%,0.57%,0.12%,0.08%,0.08%,0.65%,0.23%,0.18%,0.65%,0.67%,0.61%,0.57%,0.45%,0.36%,0.21%,0.23%,0.23%,0.19%,0.10%,-0.11%,-0.24%,-0.16%,-0.10%,0.23%,-0.16%,0.28%,0.23%,0.53%,0.53%,1.04%,1.89%,2.32%,3.52%,4.08%,4.08%,4.26%,5.34%,5.38%,5.94%,6.00%,6.00%,6.19%,5.79%,5.91%,4.97%,5.39%,5.39%,5.68%,5.62%,5.60%,5.35%,5.13%,5.13%,4.22%,3.73%,2.97%,2.66%,2.03%,2.03%,1.29%,0.94%,0.55%,0.21%,-0.41%,-0.41%,-0.23%,-0.51%,-0.62%,-0.10%,-0.35%,-0.35%,-0.83%,-0.96%,-0.57%,-0.40%,-0.43%,-0.27%,-0.64%,-0.64%
88,Kinderopvang (S),5.52%,5.52%,5.31%,5.31%,5.31%,5.31%,5.31%,5.31%,5.31%,5.31%,1.30%,2.97%,2.97%,2.97%,2.97%,2.97%,2.97%,2.97%,2.97%,2.97%,2.97%,2.97%,2.50%,1.03%,1.03%,1.03%,1.03%,1.03%,1.03%,1.03%,1.03%,1.03%,1.03%,1.03%,0.72%,1.04%,1.04%,1.04%,1.04%,1.04%,1.04%,1.04%,1.04%,1.04%,1.04%,1.04%,1.24%,1.07%,1.07%,1.07%,1.07%,1.07%,1.07%,1.07%,1.07%,1.07%,1.07%,1.07%,0.34%,2.59%,3.34%,3.34%,3.34%,3.34%,3.34%,3.34%,3.34%,3.34%,3.34%,3.34%,3.34%,0.62%,-0.12%,-0.12%,-0.12%,-0.12%,-0.12%,-0.12%,-0.12%,-0.12%,-0.12%,-0.12%,10.9%,12.7%,12.7%,12.7%,12.7%,12.7%,12.7%,12.7%,12.7%,12.7%,12.7%,12.7%,0.55%,-0.93%,-0.93%,-0.93%,-0.93%,-0.93%,-0.93%,-0.93%,-0.93%,-0.93%,-0.93%,-0.93%,3.24%,3.24%,3.24%,3.24%,3.24%,3.24%,3.24%,3.24%,3.24%,3.24%,3.24%,3.24%,1.00%,1.00%,1.00%
89,Kinderschoenen (SD),0.95%,1.13%,1.15%,1.24%,0.97%,1.18%,1.08%,1.91%,2.11%,2.60%,2.57%,2.59%,2.75%,2.23%,1.90%,1.60%,1.84%,2.28%,2.61%,1.64%,1.63%,0.65%,0.24%,0.26%,0.46%,0.68%,0.98%,0.85%,1.17%,0.55%,0.64%,0.56%,0.36%,0.81%,0.42%,1.04%,0.24%,0.01%,-0.14%,0.10%,0.55%,0.85%,0.30%,0.26%,-0.23%,-0.10%,-1.16%,-2.10%,-2.52%,-1.77%,-1.86%,-1.30%,-1.96%,-1.37%,-1.51%,-1.07%,-0.73%,-1.80%,-0.89%,-0.61%,1.33%,0.51%,1.60%,1.01%,1.73%,1.14%,1.42%,0.74%,0.70%,1.96%,1.96%,2.85%,3.19%,3.80%,3.29%,3.91%,3.91%,1.99%,2.64%,2.93%,3.80%,3.74%,3.74%,3.54%,1.77%,1.72%,2.24%,2.49%,2.49%,6.28%,7.54%,9.18%,8.29%,5.71%,5.71%,5.60%,6.55%,4.80%,5.85%,3.42%,3.42%,0.31%,-4.79%,-6.67%,-6.35%,-4.19%,-4.19%,-4.37%,-5.33%,-3.68%,-6.30%,-5.06%,-5.06%,-4.68%,-1.29%,-0.17%,-0.61%,-2.44%,-2.44%,-1.72%,-1.72%
90,Kledingaccessoires (SD),1.67%,1.82%,2.52%,2.15%,2.91%,2.96%,3.18%,3.35%,3.36%,3.46%,2.87%,2.76%,2.23%,2.00%,1.23%,0.83%,0.64%,0.26%,0.05%,-0.09%,-0.16%,-0.20%,0.07%,0.06%,0.33%,0.77%,0.76%,0.76%,-0.37%,-0.17%,0.08%,0.02%,0.10%,0.12%,0.68%,0.62%,0.77%,0.43%,0.67%,0.62%,1.81%,1.84%,1.58%,1.74%,1.73%,1.84%,1.51%,1.56%,1.32%,1.23%,1.10%,1.11%,0.85%,0.73%,0.62%,0.53%,0.69%,0.57%,0.45%,0.39%,0.40%,0.40%,0.32%,0.28%,0.28%,0.72%,1.04%,1.14%,0.94%,1.11%,1.11%,1.41%,2.16%,4.92%,5.23%,5.45%,5.45%,5.01%,5.32%,5.59%,6.56%,6.61%,6.61%,6.89%,6.46%,3.99%,3.82%,3.95%,3.95%,4.33%,4.17%,4.16%,3.31%,3.11%,3.11%,2.76%,2.53%,1.85%,1.79%,1.64%,1.64%,1.29%,0.94%,0.54%,0.39%,0.35%,0.35%,0.19%,0.20%,1.23%,1.20%,1.12%,1.12%,1.38%,1.65%,1.84%,2.07%,2.18%,2.18%,2.36%,2.36%
91,Kledingstoffen (SD),0.15%,0.05%,0.04%,0.06%,0.70%,0.52%,0.32%,0.60%,0.72%,0.66%,0.09%,0.10%,-0.08%,0.73%,1.15%,1.21%,1.09%,1.31%,1.65%,1.48%,2.18%,2.40%,2.66%,2.52%,2.78%,2.11%,1.65%,1.53%,0.42%,0.21%,0.17%,0.70%,0.12%,-0.06%,0.51%,0.40%,0.34%,0.23%,0.18%,0.35%,1.54%,1.55%,1.14%,0.51%,0.41%,0.42%,0.12%,0.16%,0.62%,0.79%,0.76%,0.62%,0.35%,0.27%,-0.80%,-0.64%,-0.71%,-0.85%,-0.98%,-0.60%,-1.80%,-1.74%,-1.49%,-1.41%,-1.41%,-0.82%,0.86%,1.07%,1.23%,1.98%,1.98%,2.33%,3.63%,5.39%,4.98%,5.11%,5.11%,4.82%,5.17%,5.85%,6.57%,5.68%,5.68%,5.65%,6.45%,5.48%,5.87%,6.46%,6.46%,7.42%,7.40%,6.88%,6.15%,6.48%,6.48%,6.72%,5.45%,4.88%,4.73%,4.53%,4.53%,3.35%,1.95%,1.60%,1.20%,1.32%,1.32%,0.69%,0.52%,0.33%,0.11%,-0.88%,-0.88%,-0.71%,0.04%,-0.64%,-0.46%,-0.62%,-0.62%,-0.20%,-0.20%
92,Kleine apparaten voor het bereiden en verwerken van voedsel (SD),1.46%,0.93%,1.07%,1.37%,1.25%,1.46%,1.15%,1.59%,1.32%,0.56%,0.79%,0.43%,0.27%,0.61%,0.26%,0.50%,0.39%,-0.22%,0.03%,-0.53%,-0.18%,0.06%,-0.51%,-0.88%,-0.78%,-0.95%,-0.53%,-0.84%,-0.68%,0.14%,-0.12%,0.19%,0.11%,0.48%,1.58%,2.68%,3.12%,3.16%,3.04%,3.25%,3.37%,3.31%,3.28%,3.00%,2.45%,2.78%,1.70%,1.00%,0.10%,0.07%,0.61%,0.53%,0.24%,-0.00%,0.35%,0.17%,0.75%,0.48%,0.81%,1.74%,2.71%,2.36%,1.74%,1.68%,1.89%,1.95%,2.21%,3.52%,3.97%,3.99%,3.99%,3.70%,3.14%,4.21%,4.79%,5.19%,5.19%,5.90%,5.81%,5.48%,5.08%,4.94%,4.94%,5.30%,5.20%,4.92%,4.82%,4.03%,4.03%,3.14%,2.54%,2.37%,2.32%,1.88%,1.88%,0.81%,0.79%,-0.01%,0.05%,-0.03%,-0.03%,0.13%,0.20%,-0.50%,-0.24%,0.04%,0.04%,0.24%,0.75%,0.97%,-0.16%,0.85%,0.85%,0.80%,0.87%,1.51%,-0.13%,1.39%,1.39%,-0.50%,-0.50%
93,Kleine apparaten voor het bereiden van dranken (SD),2.90%,2.76%,3.78%,2.81%,2.21%,2.87%,1.14%,-0.31%,-0.91%,-0.12%,-0.81%,-0.62%,-0.78%,0.21%,0.61%,2.00%,1.91%,-2.84%,-1.15%,0.28%,1.52%,1.82%,2.14%,-0.11%,-0.58%,-1.95%,-3.50%,-3.95%,-3.31%,-0.57%,-0.42%,0.26%,-0.99%,-2.85%,-2.43%,-1.27%,-1.64%,-1.29%,-1.20%,-1.69%,-1.70%,-1.38%,-1.19%,-1.57%,-0.51%,0.50%,0.40%,3.14%,3.90%,5.11%,7.08%,5.61%,3.75%,4.70%,6.72%,4.56%,4.27%,5.21%,4.43%,1.70%,1.25%,0.79%,-0.70%,0.74%,2.29%,2.50%,0.59%,3.11%,2.59%,2.10%,2.79%,2.27%,1.73%,2.84%,3.37%,4.81%,4.81%,4.49%,3.81%,5.54%,6.53%,7.45%,7.45%,10.2%,11.8%,11.0%,9.32%,7.27%,7.27%,6.68%,5.56%,2.21%,1.14%,0.71%,0.71%,-0.66%,-2.90%,-4.76%,-5.11%,-2.26%,-2.26%,-2.53%,-1.38%,-0.17%,-0.82%,-0.92%,-0.92%,-1.77%,-0.88%,-0.69%,-1.49%,-0.56%,-0.56%,-0.55%,-2.78%,-1.94%,-1.03%,-2.29%,-2.29%,-1.53%,-1.53%
94,"Knollen, plantains en bakbananen (ND)",40.9%,19.2%,17.4%,16.4%,1.08%,0.90%,-0.62%,0.00%,0.91%,-0.40%,1.62%,1.37%,2.49%,-0.60%,1.38%,3.93%,2.90%,-5.57%,-4.22%,-4.73%,-7.01%,-5.41%,-4.90%,-4.76%,-8.12%,-5.23%,-5.89%,-7.12%,-1.52%,2.40%,6.43%,7.06%,11.5%,11.2%,10.4%,9.42%,13.6%,11.7%,11.6%,11.6%,6.33%,8.18%,1.86%,1.92%,-2.41%,-1.79%,0.05%,2.94%,1.75%,0.44%,1.85%,5.13%,6.42%,6.22%,-0.28%,0.39%,0.08%,-0.19%,-1.92%,-5.15%,-6.50%,-5.38%,-8.00%,-9.87%,-4.85%,-4.98%,3.24%,3.55%,3.17%,4.76%,2.41%,6.65%,7.79%,5.09%,6.36%,8.58%,10.8%,9.53%,9.24%,14.0%,19.7%,25.8%,26.8%,25.4%,26.0%,27.3%,21.3%,17.6%,22.1%,23.9%,24.0%,22.9%,17.8%,14.0%,16.6%,17.1%,16.0%,13.4%,17.5%,14.7%,4.24%,5.67%,6.51%,8.12%,10.1%,5.65%,8.26%,8.49%,8.85%,5.85%,7.26%,4.36%,1.32%,-0.63%,-0.36%,-0.92%,-1.99%,-2.04%,-4.55%,-6.18%,-6.18%
96,Koffie en koffiesurrogaten (ND),2.22%,-1.40%,0.58%,-0.60%,1.04%,-0.77%,0.41%,-2.61%,-0.80%,-1.33%,-2.89%,2.32%,1.92%,2.81%,0.99%,1.64%,0.42%,3.39%,0.88%,4.44%,2.40%,2.93%,0.03%,-3.43%,-1.08%,0.36%,1.13%,0.15%,0.65%,-0.63%,-1.85%,-0.07%,-1.02%,-0.84%,0.18%,-1.48%,0.17%,-2.64%,-2.89%,-1.96%,-2.51%,-3.69%,-2.14%,-2.03%,-2.94%,-2.15%,-2.04%,0.86%,-0.40%,0.60%,1.29%,0.83%,0.31%,1.20%,2.29%,0.33%,0.73%,-0.84%,4.55%,0.94%,-2.74%,-2.44%,-3.21%,-1.55%,-2.63%,-2.29%,-2.40%,-2.84%,0.48%,1.20%,3.44%,7.85%,7.94%,11.7%,14.2%,15.5%,18.1%,17.8%,19.1%,17.9%,15.7%,19.9%,18.1%,15.9%,18.1%,16.0%,8.86%,10.7%,5.22%,7.66%,5.42%,4.88%,4.20%,3.51%,1.58%,-2.16%,-3.22%,-4.30%,-1.07%,-6.20%,-1.11%,0.10%,-1.38%,3.27%,2.05%,1.18%,3.81%,6.52%,7.99%,8.42%,10.5%,12.6%,12.7%,11.6%,13.9%,13.1%,16.3%,12.2%,9.18%,8.88%,8.88%
97,Kranten (ND),2.34%,5.67%,5.67%,5.66%,4.02%,6.81%,7.04%,6.65%,6.94%,6.94%,8.98%,8.98%,8.87%,5.44%,7.04%,7.04%,7.04%,5.45%,5.22%,5.22%,4.93%,5.04%,10.6%,10.6%,10.6%,11.0%,9.35%,9.37%,9.37%,8.12%,12.2%,12.2%,12.2%,12.3%,4.98%,14.2%,15.4%,16.0%,16.0%,16.0%,16.0%,16.0%,11.8%,11.8%,11.8%,11.6%,10.9%,8.21%,7.10%,6.09%,6.09%,6.39%,6.39%,6.39%,6.39%,6.39%,6.39%,7.08%,7.08%,0.93%,1.86%,1.86%,1.86%,1.64%,1.64%,1.64%,6.23%,6.23%,6.23%,9.16%,9.16%,9.16%,8.17%,14.9%,14.9%,14.8%,14.8%,15.9%,10.8%,10.8%,10.8%,13.4%,13.7%,13.7%,13.7%,7.45%,8.10%,8.10%,7.29%,6.46%,6.46%,6.46%,6.46%,0.64%,14.7%,14.7%,14.7%,14.3%,15.7%,15.7%,18.1%,17.9%,17.9%,17.9%,17.9%,18.1%,5.62%,5.62%,5.62%,5.62%,4.04%,4.04%,2.73%,4.25%,4.25%,4.25%,4.25%,4.06%,1.84%,6.36%,6.36%
100,"Macaroni, noedels, couscous en soortgelijke pastaproducten (ND)",2.63%,-0.53%,3.04%,0.42%,0.54%,-1.30%,-0.36%,-1.23%,1.37%,-0.55%,-0.65%,0.53%,-0.17%,0.19%,-0.12%,0.70%,1.17%,1.28%,0.91%,-0.33%,-0.42%,1.39%,1.20%,-1.26%,0.13%,1.55%,0.69%,-1.46%,0.47%,-0.22%,-3.63%,0.20%,1.54%,-0.74%,0.46%,1.44%,-1.07%,-0.74%,0.23%,1.44%,1.51%,2.24%,2.71%,0.61%,-3.26%,0.39%,0.21%,3.73%,-0.32%,2.74%,6.54%,0.30%,-1.42%,0.31%,5.48%,0.56%,-1.68%,1.22%,3.95%,-0.81%,-1.89%,-3.04%,-7.66%,-0.66%,-1.25%,-0.03%,-2.99%,0.46%,2.94%,0.52%,8.57%,9.11%,12.4%,11.6%,10.3%,14.2%,15.8%,15.6%,15.2%,16.4%,20.6%,18.3%,23.5%,24.2%,24.5%,21.6%,19.2%,16.9%,14.4%,13.5%,11.6%,10.2%,6.15%,4.18%,-5.54%,-4.28%,-5.64%,-9.00%,-1.47%,-4.72%,-5.34%,-5.08%,-6.86%,-3.51%,-1.16%,-1.22%,0.63%,-5.05%,1.62%,1.49%,-2.47%,-3.78%,-0.65%,-3.72%,-1.33%,-4.18%,-0.72%,-2.83%,-11.2%,-4.58%,-4.58%
101,Magere melk (ND),18.1%,16.1%,16.2%,15.7%,14.2%,6.57%,7.56%,-10.8%,-12.6%,-10.8%,-7.90%,-7.97%,-8.93%,-7.22%,-7.26%,-6.29%,-4.97%,4.23%,5.41%,5.69%,9.61%,6.46%,6.26%,5.30%,7.25%,6.45%,4.73%,4.07%,5.88%,2.38%,2.42%,3.80%,0.62%,0.68%,0.09%,0.00%,0.53%,-0.30%,-0.36%,-0.24%,-0.80%,2.09%,0.74%,0.41%,0.33%,-0.18%,1.71%,3.80%,4.69%,1.51%,2.02%,3.20%,2.91%,1.85%,3.51%,3.32%,1.60%,0.97%,0.01%,-2.05%,-1.90%,-2.59%,-2.12%,-3.38%,-1.99%,-1.97%,-2.78%,-0.67%,0.87%,1.95%,4.04%,6.82%,7.43%,9.14%,10.4%,20.1%,21.3%,23.0%,25.2%,25.0%,26.1%,25.6%,27.6%,29.3%,30.2%,29.4%,25.7%,16.9%,13.3%,12.6%,11.1%,6.23%,2.95%,2.62%,-1.46%,-6.40%,-9.74%,-8.42%,-6.96%,-8.30%,-5.79%,-6.64%,-7.00%,-5.89%,-1.93%,-1.71%,2.10%,2.26%,2.69%,3.45%,1.11%,3.47%,0.83%,0.15%,0.97%,2.47%,1.59%,2.23%,-2.38%,-2.50%,-2.50%
102,Margarine en dergelijke bereidingen (ND),1.34%,1.31%,2.30%,2.50%,1.25%,1.02%,0.10%,2.03%,1.93%,1.51%,3.91%,2.95%,1.18%,2.68%,1.43%,0.53%,-0.08%,2.57%,0.86%,-0.72%,-0.62%,1.27%,1.41%,-2.39%,3.58%,0.01%,0.47%,3.80%,4.28%,2.25%,-0.84%,3.79%,2.55%,1.50%,4.10%,3.77%,2.49%,-0.21%,2.26%,2.36%,2.05%,2.52%,1.93%,3.51%,2.31%,3.68%,-0.89%,-1.19%,2.54%,3.02%,5.03%,2.02%,4.38%,4.17%,4.56%,2.27%,5.06%,0.78%,5.51%,1.72%,3.95%,0.75%,-1.79%,-0.76%,-3.22%,-3.49%,-3.57%,-1.04%,0.68%,4.60%,4.68%,8.11%,10.2%,7.53%,9.73%,14.6%,13.3%,16.2%,19.9%,18.0%,21.4%,23.4%,31.1%,25.7%,24.5%,23.9%,25.4%,19.6%,22.9%,16.4%,14.7%,9.95%,9.09%,6.53%,3.53%,10.9%,-1.95%,4.27%,1.70%,1.46%,1.33%,1.85%,5.62%,5.79%,1.30%,-0.96%,-1.21%,-0.09%,1.58%,1.63%,-0.37%,1.49%,0.84%,0.67%,0.18%,-0.62%,0.29%,1.40%,-3.18%,-2.26%,-2.26%
103,Materiaal voor onderhoud en reparatie van de woning (ND),0.14%,0.42%,-0.25%,0.02%,0.05%,-0.02%,0.06%,0.07%,0.18%,-0.02%,0.58%,1.21%,1.75%,1.37%,2.07%,2.15%,2.13%,2.41%,2.20%,2.47%,2.23%,2.64%,2.69%,2.36%,1.83%,1.96%,1.88%,2.16%,2.05%,1.61%,2.00%,2.04%,2.21%,1.79%,1.26%,1.26%,1.42%,2.43%,2.51%,2.38%,2.41%,2.72%,2.70%,2.51%,2.84%,3.27%,3.26%,3.27%,3.25%,2.68%,2.79%,2.54%,2.42%,1.96%,2.18%,2.29%,1.97%,1.61%,1.65%,1.77%,1.62%,0.83%,0.69%,0.92%,1.24%,2.09%,1.95%,2.38%,2.78%,3.54%,4.11%,4.64%,6.60%,9.06%,9.94%,10.3%,10.2%,10.6%,12.0%,12.2%,12.6%,12.0%,11.5%,11.9%,13.1%,12.1%,11.7%,11.6%,11.7%,10.9%,9.07%,8.01%,7.48%,7.18%,7.10%,5.67%,2.88%,1.71%,0.97%,0.57%,0.53%,0.42%,0.56%,0.89%,0.57%,0.61%,0.67%,1.38%,0.90%,1.18%,1.23%,1.37%,1.11%,1.02%,1.32%,1.45%,1.42%,1.58%,1.45%,0.58%,0.58%
104,Medische diagnostische producten (ND),1.88%,3.83%,3.00%,1.99%,1.77%,0.23%,0.96%,2.94%,1.23%,-0.71%,-3.01%,-2.67%,0.36%,-2.22%,-3.12%,-1.49%,-1.62%,-0.38%,-1.30%,-4.89%,-3.99%,-1.29%,0.88%,-0.86%,-3.71%,-3.13%,-1.25%,-1.61%,-2.45%,-0.16%,1.04%,2.21%,0.69%,1.20%,1.26%,2.89%,4.17%,3.15%,0.19%,0.58%,0.89%,1.13%,-0.33%,0.61%,3.91%,1.11%,0.72%,2.85%,2.65%,4.71%,7.82%,7.15%,6.25%,7.22%,9.27%,8.75%,5.31%,6.03%,5.30%,-1.33%,0.98%,0.40%,0.64%,0.05%,-0.72%,-2.91%,-3.48%,-4.36%,-2.66%,-1.05%,-1.06%,-0.35%,-4.95%,-5.14%,-5.38%,-4.61%,-3.18%,-5.69%,-1.56%,-0.17%,-0.48%,-0.64%,0.80%,3.23%,6.74%,6.34%,7.36%,6.18%,6.45%,9.31%,3.75%,1.04%,-0.94%,-2.33%,-1.72%,-2.57%,-3.64%,-2.37%,-3.67%,-3.13%,-2.10%,-2.66%,-2.42%,0.73%,2.25%,4.33%,2.04%,3.93%,5.29%,4.69%,4.02%,4.64%,3.39%,3.86%,2.54%,0.60%,-1.04%,-0.46%,-2.75%,-7.44%,-7.44%
105,Meel van granen (ND),0.59%,0.87%,-0.49%,-0.48%,-0.99%,-1.44%,-1.06%,1.31%,0.68%,0.28%,1.53%,1.75%,0.89%,0.39%,0.17%,-0.64%,0.37%,0.87%,1.42%,-0.33%,-0.84%,-0.49%,-0.35%,-1.91%,-0.76%,-0.63%,0.18%,0.35%,-0.50%,-1.82%,-1.41%,-0.04%,-0.84%,0.40%,2.52%,1.52%,-0.07%,0.61%,0.93%,0.19%,0.51%,1.62%,1.42%,-0.26%,-0.69%,-1.46%,-1.23%,0.89%,0.91%,-0.30%,0.86%,1.06%,-0.00%,0.23%,-0.16%,1.13%,-0.31%,0.05%,-0.19%,-1.52%,0.29%,0.57%,-1.94%,-2.66%,-1.12%,-0.33%,-0.34%,0.50%,0.61%,3.37%,6.82%,10.1%,9.77%,9.30%,11.9%,14.5%,16.6%,18.5%,21.6%,25.2%,34.4%,25.6%,25.4%,24.3%,26.7%,27.3%,25.7%,22.7%,20.8%,18.1%,15.5%,11.7%,2.35%,4.11%,3.08%,-1.84%,-3.34%,-1.07%,-6.32%,-4.42%,-7.70%,-7.61%,-8.42%,-7.80%,-2.39%,-1.54%,-2.53%,-1.34%,-0.64%,-4.64%,1.52%,3.24%,2.77%,1.91%,1.87%,1.26%,0.08%,-1.10%,-3.01%,-1.12%,-1.12%
106,"Messen, bestek en zilverwerk (SD)",1.35%,1.68%,2.05%,2.42%,2.40%,3.01%,1.74%,2.34%,2.16%,2.56%,2.51%,1.74%,1.52%,1.97%,2.29%,1.57%,1.49%,-0.02%,0.99%,-0.06%,0.54%,0.84%,0.73%,0.89%,1.17%,0.62%,-0.12%,0.01%,0.02%,0.73%,0.77%,0.47%,-0.26%,-0.33%,-0.55%,-0.43%,-0.18%,-0.10%,-0.23%,-0.44%,-0.44%,-0.20%,-0.24%,-0.07%,0.19%,-0.08%,-0.08%,-0.03%,0.01%,-0.47%,-0.36%,-0.20%,-0.20%,-0.30%,0.09%,-0.14%,-0.24%,-0.17%,-0.17%,-0.31%,-0.36%,-0.36%,-0.55%,-0.39%,-0.39%,0.32%,0.06%,0.37%,0.98%,1.57%,1.57%,1.55%,1.68%,2.22%,3.23%,3.78%,3.78%,3.35%,4.57%,5.41%,5.05%,5.23%,5.23%,7.13%,7.11%,6.68%,7.10%,7.60%,7.60%,7.66%,6.12%,6.21%,5.93%,5.16%,5.16%,3.15%,3.12%,2.95%,1.83%,0.73%,0.73%,0.18%,1.16%,0.34%,-0.18%,0.02%,0.02%,0.38%,0.29%,1.68%,1.79%,1.99%,1.99%,1.88%,1.82%,1.49%,2.34%,2.20%,2.21%,1.46%,1.46%
107,Meubelen voor het huis (D),0.78%,0.85%,0.82%,0.84%,0.92%,0.84%,0.69%,0.73%,0.70%,0.64%,0.73%,0.78%,0.66%,0.78%,1.12%,1.02%,0.96%,0.94%,1.11%,1.03%,1.32%,1.31%,1.39%,1.15%,1.28%,1.31%,1.14%,1.13%,1.11%,1.40%,1.36%,1.29%,0.99%,0.92%,0.90%,1.13%,1.25%,1.22%,1.25%,1.60%,1.59%,1.41%,1.44%,1.37%,1.44%,1.42%,1.35%,1.20%,1.27%,1.06%,0.78%,0.30%,0.31%,0.30%,0.36%,0.75%,0.78%,0.88%,0.91%,0.91%,0.86%,0.96%,0.92%,0.97%,0.98%,1.34%,2.42%,2.63%,3.12%,3.64%,3.66%,3.97%,5.07%,5.57%,5.35%,5.96%,5.95%,5.98%,5.12%,5.03%,5.11%,4.82%,4.82%,4.90%,4.99%,4.82%,5.34%,5.19%,5.18%,4.60%,5.28%,5.07%,4.37%,4.90%,4.86%,4.39%,0.82%,0.99%,0.79%,0.28%,0.28%,0.29%,-1.30%,0.15%,-1.54%,-0.99%,-0.97%,-0.76%,1.90%,1.33%,1.41%,1.54%,1.52%,1.76%,2.62%,1.08%,2.66%,1.10%,0.97%,0.91%,0.91%
108,Meubelstoffen en gordijnen (SD),2.18%,2.31%,2.44%,2.22%,2.95%,3.01%,2.70%,2.37%,2.18%,2.19%,1.46%,1.17%,1.35%,0.87%,0.80%,0.64%,0.28%,0.32%,0.52%,0.50%,0.58%,0.49%,0.98%,1.13%,0.52%,1.01%,1.05%,1.16%,0.53%,0.45%,0.21%,0.36%,0.36%,0.33%,0.63%,0.70%,0.99%,0.63%,0.49%,0.52%,1.35%,1.19%,2.04%,2.21%,2.39%,2.38%,1.64%,1.70%,1.72%,1.53%,1.43%,1.37%,1.17%,1.25%,0.71%,0.77%,0.46%,0.70%,1.01%,0.65%,0.44%,0.59%,0.60%,0.42%,0.45%,0.71%,2.04%,1.70%,1.60%,1.59%,1.59%,2.10%,3.55%,3.96%,5.08%,5.43%,5.43%,6.01%,4.62%,5.34%,5.88%,5.90%,5.90%,6.09%,4.97%,5.02%,3.35%,3.81%,3.81%,3.48%,3.54%,3.03%,2.88%,3.01%,3.01%,3.73%,3.76%,3.61%,4.30%,3.87%,3.87%,3.34%,3.06%,2.92%,2.35%,2.22%,2.22%,0.79%,0.45%,0.13%,-0.12%,-0.08%,-0.08%,0.42%,1.10%,1.29%,1.89%,1.31%,1.31%,1.36%,1.36%
109,Mobiele communicatiediensten (S),-2.69%,-2.61%,-0.21%,-0.49%,-0.49%,0.73%,0.73%,0.73%,1.64%,1.63%,3.11%,1.16%,1.64%,1.64%,1.17%,1.45%,1.45%,-2.52%,-2.52%,-2.52%,-4.85%,-4.85%,-6.20%,-5.14%,-5.51%,-5.51%,-5.92%,-5.92%,-5.92%,-2.00%,-2.00%,-2.48%,-1.58%,-1.58%,-1.59%,-1.02%,-1.12%,-1.12%,-1.70%,-1.70%,-1.70%,-5.15%,-5.15%,-4.68%,-5.25%,-5.25%,-7.08%,-6.88%,-12.0%,-15.9%,-8.76%,-6.18%,-6.18%,-3.69%,-3.69%,-3.69%,-3.90%,-3.90%,-2.02%,-1.96%,2.20%,6.38%,-1.04%,-3.76%,-3.76%,-3.93%,-3.99%,-3.99%,-2.72%,-2.72%,-2.72%,-2.72%,-1.84%,-1.94%,-2.96%,-5.61%,-5.61%,-4.87%,-4.82%,-4.60%,-4.60%,-4.24%,-0.68%,-0.68%,1.28%,1.87%,3.16%,-2.19%,-2.19%,-2.54%,-2.04%,-2.26%,-2.26%,-2.35%,-8.53%,-8.53%,-8.83%,-8.83%,-8.83%,-2.76%,-2.76%,-2.76%,-4.67%,-4.67%,-5.62%,-5.88%,-19.8%,-19.8%,-20.5%,-20.5%,-11.7%,-10.2%,-9.48%,-9.26%,-7.91%,-7.91%,-6.98%,-6.98%,13.6%,13.6%,13.6%
110,Motorfietsen (D),2.34%,3.17%,3.21%,3.23%,3.21%,3.05%,3.12%,2.77%,2.54%,2.50%,2.50%,2.14%,2.09%,0.98%,1.13%,0.96%,0.98%,1.08%,0.98%,1.00%,1.10%,1.17%,1.15%,1.30%,1.45%,1.60%,1.52%,1.69%,1.66%,1.74%,1.64%,1.91%,1.92%,1.97%,1.93%,1.74%,1.71%,2.18%,2.27%,2.16%,2.16%,1.87%,2.24%,2.35%,2.42%,2.33%,2.33%,2.23%,2.16%,1.53%,1.22%,1.35%,1.33%,1.39%,0.97%,0.62%,0.43%,0.41%,0.41%,0.24%,-0.01%,0.12%,0.12%,0.08%,0.10%,1.44%,3.90%,5.09%,5.22%,5.72%,5.72%,8.29%,10.7%,11.8%,11.9%,12.3%,12.3%,11.9%,9.64%,9.84%,10.0%,9.79%,9.79%,8.47%,6.84%,6.88%,7.06%,6.63%,6.63%,6.03%,5.90%,4.52%,4.26%,4.03%,4.03%,2.72%,2.09%,1.28%,0.99%,0.52%,0.52%,0.14%,0.11%,0.01%,-0.12%,0.06%,0.06%,0.46%,0.27%,-0.12%,-0.14%,0.57%,0.57%,0.76%,0.67%,0.91%,1.31%,1.21%,1.21%,1.43%,1.43%
111,Muziekinstrumenten (D),2.80%,2.97%,3.67%,4.78%,4.78%,5.27%,5.27%,5.60%,5.80%,5.25%,4.96%,4.16%,4.69%,4.17%,3.32%,2.95%,2.82%,2.34%,2.35%,2.65%,2.76%,2.09%,2.09%,1.71%,1.18%,1.77%,1.59%,1.93%,2.06%,2.11%,2.64%,0.59%,0.78%,0.18%,0.18%,0.18%,0.81%,-0.16%,0.22%,0.45%,0.45%,0.40%,-0.53%,0.14%,-0.34%,-0.10%,-0.10%,-0.19%,-0.64%,0.41%,0.02%,-0.29%,-0.29%,-0.29%,0.37%,2.02%,2.02%,2.38%,2.38%,2.50%,2.23%,1.42%,1.40%,1.37%,1.37%,1.93%,1.37%,1.20%,1.52%,1.52%,1.52%,1.67%,3.33%,3.53%,3.73%,3.86%,3.86%,3.31%,4.88%,3.34%,3.49%,4.24%,4.24%,4.85%,4.03%,5.93%,5.74%,6.06%,6.06%,6.56%,5.28%,5.48%,5.15%,3.54%,3.54%,3.42%,2.72%,0.87%,0.99%,0.67%,0.67%,1.02%,0.98%,0.88%,0.92%,2.23%,2.23%,1.84%,2.12%,2.14%,2.12%,1.93%,1.93%,1.50%,1.54%,1.25%,1.06%,0.95%,0.95%,2.23%,2.23%
112,Niet-dierlijke melk (ND),-1.58%,-0.76%,0.41%,1.27%,2.25%,0.91%,0.39%,0.86%,1.04%,0.76%,1.43%,0.65%,0.31%,0.76%,1.65%,0.10%,2.02%,3.17%,3.95%,2.44%,3.75%,6.99%,9.46%,8.15%,9.65%,9.82%,8.21%,8.39%,6.03%,6.82%,3.31%,8.20%,5.94%,3.34%,1.58%,0.55%,0.52%,2.01%,1.08%,2.72%,2.08%,1.91%,2.25%,1.23%,-0.02%,-0.89%,3.03%,2.56%,1.46%,0.68%,3.63%,1.85%,1.15%,1.31%,2.32%,2.37%,2.49%,2.50%,2.88%,0.57%,-0.13%,-0.63%,-1.74%,-0.85%,1.26%,0.20%,-2.70%,0.94%,-0.49%,0.89%,2.28%,4.31%,4.02%,6.04%,6.69%,7.77%,9.29%,8.58%,11.7%,13.3%,14.2%,19.2%,20.2%,20.7%,21.4%,19.4%,20.4%,21.3%,18.2%,18.2%,14.4%,12.5%,10.9%,7.10%,4.47%,5.03%,5.46%,1.06%,-0.86%,-2.22%,-2.56%,-0.66%,2.78%,-2.30%,1.95%,0.46%,3.10%,2.89%,4.06%,4.19%,3.38%,4.29%,4.57%,3.77%,7.30%,1.97%,1.59%,2.86%,-12.1%,-7.34%,-7.34%
113,Nieuwe auto’s (D),3.54%,3.60%,3.64%,3.59%,3.70%,3.84%,3.76%,3.70%,2.67%,2.64%,1.97%,1.76%,1.47%,1.42%,1.94%,1.94%,1.86%,1.77%,1.80%,2.02%,0.94%,1.05%,1.03%,1.00%,1.00%,1.15%,0.87%,0.83%,0.94%,1.27%,1.33%,1.24%,2.18%,2.31%,2.18%,2.21%,2.22%,2.13%,2.05%,2.06%,1.97%,1.68%,1.69%,1.58%,1.66%,1.44%,1.89%,1.81%,1.94%,1.90%,1.79%,1.99%,2.16%,2.31%,2.23%,2.27%,2.09%,1.97%,1.83%,1.76%,1.61%,2.01%,2.99%,2.80%,2.25%,2.24%,2.47%,2.44%,2.86%,2.87%,3.13%,3.18%,3.62%,4.16%,3.95%,4.99%,5.81%,5.85%,6.20%,6.69%,6.48%,6.79%,6.71%,7.50%,7.76%,7.19%,7.22%,6.19%,5.91%,5.98%,5.50%,4.88%,3.19%,3.12%,2.52%,1.93%,1.72%,1.42%,0.44%,0.47%,0.40%,0.02%,0.35%,0.37%,1.74%,1.52%,1.57%,1.87%,1.30%,1.29%,1.60%,1.85%,1.28%,1.71%,1.46%,1.63%,1.29%,1.32%,1.32%,0.80%,0.80%
114,"Noten, met of zonder dop (ND)",4.23%,4.47%,5.63%,5.59%,5.13%,4.76%,4.02%,4.27%,2.47%,2.01%,2.16%,0.90%,1.48%,0.01%,-0.99%,-1.21%,-0.47%,0.10%,0.72%,-0.46%,0.91%,0.79%,0.22%,-0.94%,-1.56%,-1.20%,-0.51%,-1.17%,-1.07%,-3.44%,-1.93%,-1.04%,-2.42%,-3.64%,-1.56%,-1.42%,-1.72%,-0.67%,-2.88%,-3.35%,-4.00%,-1.87%,-2.93%,-4.16%,-3.57%,-4.76%,-2.63%,-2.41%,-4.31%,-1.54%,-1.35%,-0.19%,-0.01%,0.75%,-1.86%,-2.50%,0.36%,0.13%,-4.47%,-3.69%,-1.70%,-4.53%,-4.44%,-4.71%,-4.05%,-4.31%,-2.23%,-1.39%,-2.94%,-0.13%,0.74%,2.32%,2.71%,2.30%,3.15%,3.33%,1.72%,3.65%,3.01%,2.95%,5.34%,7.02%,6.73%,9.70%,7.46%,6.39%,7.71%,6.85%,6.87%,4.91%,5.40%,3.40%,3.09%,0.10%,1.27%,-3.91%,-3.48%,-6.10%,-3.62%,-2.60%,-1.71%,-0.65%,-1.83%,0.22%,-2.92%,0.67%,-0.12%,0.88%,2.20%,5.90%,0.94%,3.17%,1.98%,1.86%,0.72%,2.91%,3.02%,2.17%,1.88%,3.10%,3.10%
116,Onbespeelde dragers van beeld of geluid (SD),-4.37%,-4.62%,-4.06%,-4.31%,-4.33%,-4.44%,-4.94%,-5.15%,-5.31%,-5.06%,-5.59%,-4.82%,-3.55%,-2.58%,-2.46%,-1.70%,-1.57%,-1.19%,-0.78%,-0.01%,1.35%,1.40%,1.85%,3.09%,3.37%,2.87%,2.76%,2.36%,2.45%,2.96%,2.67%,2.28%,2.19%,1.72%,1.69%,1.27%,-1.15%,-1.04%,-2.48%,-3.23%,-3.23%,-4.21%,-4.11%,-3.88%,-4.79%,-4.61%,-4.61%,-5.84%,-4.53%,-4.59%,-3.28%,-2.46%,-2.28%,-1.46%,-1.64%,-2.38%,-2.22%,-2.94%,-2.94%,-1.78%,-1.45%,-1.70%,-1.85%,-2.19%,-2.37%,-4.41%,-5.06%,-6.02%,-7.67%,-7.37%,-7.37%,-7.42%,-8.36%,-7.81%,-6.68%,-5.53%,-5.53%,-2.74%,-2.58%,-0.21%,1.73%,2.75%,2.75%,3.78%,5.55%,5.37%,3.76%,1.80%,0.84%,1.13%,3.78%,3.23%,1.68%,4.12%,2.23%,0.78%,-0.01%,3.87%,0.49%,1.62%,1.51%,1.01%,-1.12%,1.15%,2.37%,-2.00%,-0.36%,2.49%,3.27%,-3.09%,2.36%,2.15%,3.06%,0.99%,-0.17%,-3.52%,-3.96%,-0.17%,11.4%,18.3%,18.3%
117,Onderdelen voor privévoertuigen (SD),1.20%,1.01%,1.15%,1.26%,1.35%,1.22%,1.10%,1.13%,1.24%,1.28%,1.38%,1.50%,1.70%,1.99%,2.08%,2.31%,2.22%,2.25%,2.56%,2.76%,3.06%,3.15%,2.87%,2.81%,2.45%,2.19%,1.91%,1.66%,1.80%,1.71%,1.17%,0.77%,0.46%,0.30%,0.33%,0.08%,0.07%,0.26%,-0.17%,-0.13%,-0.26%,-0.53%,-0.40%,-0.13%,0.01%,0.18%,0.22%,0.38%,0.38%,0.21%,0.62%,0.74%,1.00%,1.40%,1.63%,1.30%,1.21%,1.10%,1.13%,1.09%,1.07%,0.97%,1.01%,0.74%,0.30%,0.42%,1.08%,2.02%,2.08%,1.93%,2.02%,2.17%,3.06%,3.83%,4.40%,4.63%,5.27%,5.56%,4.91%,4.61%,4.57%,4.71%,4.89%,5.59%,5.20%,5.26%,6.67%,6.57%,6.16%,5.79%,6.40%,6.15%,6.22%,6.82%,6.84%,6.32%,7.04%,6.71%,5.27%,5.30%,5.53%,5.57%,4.80%,4.56%,4.56%,4.13%,3.94%,3.62%,2.47%,2.19%,1.53%,1.36%,1.16%,0.87%,0.87%,0.98%,1.02%,1.31%,1.28%,1.44%,1.44%
118,Onderhoud en reparatie van privévoertuigen (S),1.43%,1.54%,1.50%,1.45%,1.38%,1.39%,1.25%,1.15%,1.47%,1.55%,1.60%,1.62%,1.81%,1.86%,2.01%,1.74%,1.76%,1.78%,1.81%,1.80%,1.86%,1.83%,1.78%,1.57%,1.49%,1.50%,1.51%,1.65%,1.68%,1.61%,1.64%,1.97%,2.10%,2.06%,2.08%,2.36%,2.01%,2.58%,2.63%,2.77%,2.75%,2.76%,2.82%,2.62%,2.38%,2.43%,2.44%,2.32%,2.60%,1.80%,1.45%,1.44%,1.60%,1.80%,2.02%,2.17%,2.01%,1.95%,1.89%,2.00%,1.77%,1.80%,1.77%,1.60%,1.40%,1.31%,2.04%,2.45%,3.01%,2.94%,3.39%,3.68%,5.05%,6.04%,6.67%,7.16%,7.98%,8.44%,7.69%,7.49%,7.26%,7.40%,7.86%,8.58%,8.19%,8.37%,12.4%,11.9%,11.1%,10.6%,10.1%,9.57%,9.35%,9.54%,8.90%,8.13%,8.71%,8.02%,4.04%,4.08%,4.33%,4.59%,4.72%,4.86%,4.86%,4.67%,4.12%,3.66%,2.86%,2.97%,2.78%,2.77%,2.55%,2.34%,2.26%,1.93%,2.06%,2.48%,2.90%,3.02%,3.02%
119,Onderhoudskosten voor meergezinswoningen (S),.,.,.,.,.,.,.,.,.,.,.,.,.,.,.,.,.,.,.,.,.,.,.,.,.,.,.,.,.,.,.,.,.,1.94%,2.10%,1.86%,1.34%,1.96%,2.14%,2.02%,1.62%,1.51%,1.54%,1.01%,0.79%,0.96%,0.72%,0.85%,1.43%,1.51%,1.10%,1.51%,1.74%,2.10%,2.08%,2.21%,2.20%,2.21%,2.02%,2.39%,2.15%,2.35%,2.61%,2.30%,2.76%,2.61%,2.58%,3.40%,4.58%,4.78%,7.20%,6.85%,5.66%,5.89%,6.24%,6.08%,6.40%,7.17%,8.66%,9.08%,6.36%,5.75%,4.65%,4.49%,5.33%,7.82%,7.58%,7.55%,7.78%,6.68%,5.84%,4.20%,5.84%,6.70%,5.92%,7.22%,7.22%,4.36%,4.00%,4.27%,3.91%,4.03%,3.84%,4.17%,4.21%,4.23%,5.03%,5.34%,3.99%,3.98%,3.94%,3.72%,4.02%,4.08%,3.70%,3.48%,3.39%,3.08%,2.43%,1.15%,1.15%
120,Ontbijtgranen (ND),-2.60%,-1.47%,-3.72%,-4.34%,-0.78%,-3.04%,-3.03%,-2.27%,0.73%,0.80%,-2.75%,1.19%,-1.06%,-1.04%,1.23%,-0.64%,-2.42%,2.41%,-0.57%,1.98%,-0.14%,-1.03%,1.18%,1.68%,0.10%,1.90%,1.21%,3.76%,0.99%,0.87%,1.02%,0.49%,0.53%,2.00%,1.72%,1.17%,5.12%,-0.44%,-2.82%,1.88%,0.74%,-0.54%,1.30%,1.14%,1.01%,2.09%,7.99%,1.56%,4.75%,6.52%,2.71%,3.89%,5.66%,8.62%,0.99%,2.02%,3.85%,1.49%,7.01%,-3.44%,-0.67%,-2.39%,-1.64%,0.20%,-3.67%,6.10%,-0.99%,0.06%,3.45%,0.52%,4.49%,4.15%,1.87%,8.71%,-0.28%,3.10%,7.24%,12.5%,6.82%,9.46%,6.62%,8.58%,10.2%,10.2%,12.4%,7.27%,15.8%,13.2%,10.3%,0.05%,4.73%,8.73%,8.94%,4.26%,-9.10%,0.47%,-0.83%,-4.94%,2.76%,-6.42%,-0.92%,-6.75%,1.78%,-1.43%,-7.15%,0.04%,0.99%,3.69%,0.29%,2.04%,-1.53%,0.67%,-1.36%,-2.48%,-0.87%,-1.84%,0.41%,-0.94%,-3.68%,-4.02%,-4.02%
121,Ophalen van huisvuil (S),6.04%,6.04%,1.50%,1.50%,1.50%,1.50%,1.50%,1.50%,1.50%,1.50%,1.50%,1.50%,1.50%,1.50%,0.95%,0.95%,0.95%,0.95%,0.95%,0.95%,0.95%,0.95%,0.95%,0.95%,0.95%,0.95%,0.31%,0.31%,0.31%,0.31%,0.31%,0.31%,0.31%,0.31%,0.31%,0.31%,0.31%,0.31%,0.99%,0.99%,0.99%,0.99%,0.99%,0.99%,0.99%,0.99%,0.99%,0.99%,0.99%,0.99%,2.83%,2.73%,2.73%,2.73%,2.73%,2.73%,2.73%,2.73%,2.73%,2.73%,2.73%,2.73%,2.57%,2.67%,2.67%,2.67%,2.67%,2.67%,2.67%,2.67%,2.67%,2.67%,2.67%,2.67%,2.93%,2.93%,2.93%,2.93%,2.93%,2.93%,2.93%,2.93%,2.93%,2.93%,2.93%,2.93%,0.00%,2.31%,2.31%,2.31%,2.31%,2.31%,2.31%,2.31%,2.31%,2.31%,2.31%,2.31%,6.94%,4.53%,4.53%,4.53%,4.53%,4.53%,4.53%,4.53%,4.53%,4.53%,4.53%,4.53%,6.68%,6.68%,6.68%,6.68%,6.68%,6.68%,6.68%,6.68%,6.68%,6.68%,6.68%
122,"Overig fruit, vers (ND)",19.6%,7.08%,3.42%,0.56%,5.25%,9.16%,7.46%,6.00%,5.01%,1.28%,1.23%,1.59%,-5.74%,-7.53%,-11.6%,-14.7%,-7.22%,-7.17%,-8.45%,-5.27%,0.68%,3.71%,3.66%,5.09%,2.33%,4.08%,11.7%,11.8%,3.19%,1.64%,13.8%,9.06%,3.23%,-0.46%,-0.17%,-2.71%,-1.04%,-2.10%,-2.88%,-2.29%,3.08%,4.19%,-5.22%,-6.38%,-2.14%,0.52%,2.82%,4.84%,4.64%,11.8%,13.1%,15.8%,16.0%,10.7%,12.7%,8.82%,3.14%,-1.33%,-2.99%,-5.64%,-6.87%,-5.33%,-7.22%,-7.69%,-7.46%,-5.47%,-8.36%,-6.12%,-4.80%,-2.67%,-0.24%,4.39%,5.03%,0.72%,1.13%,2.32%,4.68%,3.57%,4.55%,9.50%,12.8%,7.61%,11.1%,9.36%,9.30%,14.6%,14.4%,16.7%,14.0%,12.4%,8.30%,7.93%,11.0%,10.3%,4.28%,2.08%,3.26%,-7.86%,-1.87%,-8.03%,-7.11%,-2.84%,1.58%,-2.69%,-4.08%,0.65%,-0.09%,0.10%,-3.24%,-0.41%,-5.14%,0.55%,-1.07%,-2.04%,-2.33%,-1.55%,-2.42%,-0.93%,-1.84%,-3.19%,-3.19%
123,Overig suikerwerk en desserts n.e.g. (ND),-0.52%,-0.91%,-0.24%,-0.08%,-1.46%,0.53%,0.15%,-1.03%,0.57%,1.43%,2.55%,0.89%,0.62%,2.77%,1.31%,0.66%,3.01%,1.97%,1.40%,0.98%,0.89%,0.48%,0.89%,-0.49%,1.57%,0.16%,-0.57%,1.43%,0.03%,-0.50%,-2.99%,1.74%,0.25%,0.16%,0.05%,2.12%,0.15%,-1.15%,0.62%,0.39%,-0.09%,1.57%,0.63%,-0.30%,1.05%,-1.37%,1.06%,3.06%,2.27%,1.55%,1.84%,1.54%,2.60%,3.60%,2.92%,3.66%,0.92%,3.36%,1.45%,-0.35%,0.45%,0.40%,1.54%,1.20%,0.26%,1.43%,-0.19%,0.93%,1.25%,2.09%,3.11%,6.59%,4.15%,5.00%,4.81%,6.24%,6.41%,7.21%,8.48%,11.3%,12.9%,11.4%,12.4%,15.2%,15.0%,18.9%,15.3%,18.3%,17.6%,14.5%,15.7%,13.3%,13.2%,9.38%,6.36%,-2.83%,3.76%,-1.86%,-0.02%,-3.58%,-1.62%,-2.88%,-1.56%,-3.26%,-4.32%,-1.15%,-0.20%,1.26%,-0.80%,-0.45%,-0.95%,0.24%,-1.57%,-3.14%,-0.73%,0.14%,-1.41%,0.28%,-2.00%,-0.68%,-0.68%
124,Overige alcoholhoudende dranken (ND),11.0%,11.6%,10.6%,11.2%,10.5%,10.4%,10.5%,9.45%,3.86%,3.52%,3.21%,6.36%,1.49%,-1.53%,1.09%,-0.43%,0.79%,0.65%,0.42%,0.13%,-1.10%,-1.67%,-1.45%,-1.72%,0.27%,1.79%,1.72%,2.51%,1.52%,0.26%,-4.27%,2.27%,1.39%,2.54%,2.34%,1.51%,-2.04%,-1.52%,-4.21%,-8.19%,-5.07%,-1.24%,-2.66%,-1.75%,-2.06%,-5.30%,0.12%,1.12%,5.11%,4.17%,5.74%,8.68%,5.17%,4.55%,4.39%,5.31%,3.62%,4.93%,2.14%,3.53%,3.41%,3.59%,4.90%,3.90%,3.79%,3.08%,4.15%,3.89%,5.86%,6.61%,6.07%,5.71%,6.40%,5.37%,4.91%,5.13%,4.53%,6.15%,3.34%,4.97%,4.57%,6.25%,5.75%,6.41%,8.37%,9.66%,6.88%,7.71%,8.74%,3.78%,1.83%,7.21%,6.50%,0.14%,1.89%,2.73%,-1.87%,2.61%,-1.55%,0.52%,0.18%,1.94%,7.73%,-3.75%,-1.36%,2.14%,2.61%,-0.50%,-0.89%,-5.24%,-15.5%,-5.51%,-4.17%,-2.72%,-2.95%,-2.16%,-0.74%,3.61%,-0.56%,2.70%,2.70%
125,Overige alcoholvrije dranken (ND),2.50%,1.51%,2.26%,3.45%,3.96%,4.08%,2.80%,3.65%,3.37%,2.68%,1.98%,3.34%,2.34%,3.33%,1.88%,1.11%,1.10%,1.72%,1.82%,1.94%,1.30%,1.33%,1.54%,1.93%,0.89%,1.68%,1.85%,1.68%,1.16%,-0.59%,0.91%,0.61%,0.46%,1.25%,-0.72%,-0.05%,1.30%,-0.65%,-1.83%,0.34%,-0.47%,1.60%,-1.08%,-1.45%,-1.42%,-1.29%,-1.29%,0.69%,3.27%,2.44%,1.15%,1.61%,-0.09%,5.39%,-0.89%,-1.25%,-1.21%,0.40%,2.67%,-1.78%,-2.85%,-5.66%,-4.09%,-2.37%,-1.00%,-3.74%,-2.27%,-1.15%,0.08%,-0.33%,-0.96%,3.60%,5.33%,6.00%,4.61%,8.47%,6.77%,8.71%,11.3%,11.9%,12.5%,12.9%,11.4%,14.1%,12.5%,14.8%,16.7%,12.7%,13.4%,13.3%,9.33%,5.09%,5.68%,7.58%,9.52%,5.72%,2.53%,-1.04%,3.53%,1.80%,2.41%,-1.65%,5.73%,8.69%,7.65%,4.11%,5.59%,2.49%,4.92%,8.52%,4.39%,2.66%,4.44%,3.94%,3.62%,3.45%,3.77%,2.60%,-3.00%,-5.75%,-5.75%
126,"Overige apparaten, artikelen en producten voor lichaamsverzorging (ND)",-0.80%,-2.65%,-1.28%,-1.91%,-0.27%,-0.72%,-1.88%,-0.89%,-1.60%,-1.12%,-0.86%,-0.23%,-1.03%,1.19%,-0.38%,-1.03%,-1.00%,0.57%,-0.51%,-0.90%,-0.28%,-0.07%,-1.10%,0.62%,-0.17%,0.28%,0.17%,1.12%,0.13%,-0.41%,1.10%,0.34%,0.73%,0.42%,2.48%,1.04%,2.69%,0.95%,2.53%,0.91%,1.91%,1.63%,0.20%,2.45%,-0.46%,0.54%,-0.29%,0.17%,0.38%,1.46%,0.01%,1.63%,-1.02%,0.34%,0.51%,-1.48%,-0.10%,-0.27%,1.27%,-1.26%,-1.37%,-2.36%,-1.94%,-2.05%,-2.69%,-2.78%,-2.33%,-1.38%,-1.67%,-0.56%,-0.44%,1.00%,2.97%,3.45%,4.58%,5.76%,5.79%,6.64%,6.81%,8.52%,10.2%,9.89%,12.4%,9.62%,11.7%,10.5%,9.82%,9.30%,9.62%,9.59%,7.84%,6.73%,7.85%,5.54%,3.41%,5.18%,0.87%,0.29%,1.23%,0.76%,2.61%,0.84%,2.84%,2.43%,1.73%,2.88%,3.53%,3.97%,3.71%,4.26%,1.62%,1.73%,3.08%,1.91%,-0.66%,-0.09%,0.49%,0.07%,-3.71%,-3.22%,-3.22%
127,Overige bereidingen van schaal- en schelpdieren (ND),-0.65%,1.15%,1.15%,1.34%,1.41%,2.74%,1.51%,2.22%,2.88%,2.82%,4.04%,3.56%,3.98%,3.44%,3.69%,3.14%,3.29%,3.10%,2.42%,2.77%,0.04%,2.49%,1.53%,1.63%,3.12%,1.91%,2.54%,3.28%,3.82%,1.09%,2.52%,2.64%,3.12%,2.48%,2.18%,2.11%,-0.55%,-0.15%,-0.31%,-0.28%,-0.30%,3.10%,0.96%,2.22%,3.72%,2.28%,2.59%,2.05%,3.45%,3.22%,3.39%,2.39%,2.08%,3.86%,1.87%,2.13%,0.66%,1.50%,1.76%,-0.27%,0.40%,-0.50%,-0.12%,-0.65%,-0.40%,-1.45%,0.07%,-0.89%,0.54%,0.19%,1.38%,1.90%,2.90%,3.14%,4.57%,6.48%,6.38%,6.69%,6.66%,8.68%,10.4%,10.2%,10.7%,11.4%,12.4%,11.2%,10.3%,10.4%,8.52%,10.6%,11.8%,5.53%,7.82%,6.59%,6.68%,7.33%,4.98%,3.81%,3.80%,3.52%,4.34%,1.62%,2.52%,5.08%,2.51%,3.50%,2.26%,2.25%,2.35%,2.82%,1.28%,1.29%,1.19%,0.66%,-0.05%,0.31%,1.48%,-0.35%,12.4%,6.88%,6.88%
128,Overige boeken (SD),3.41%,-0.16%,1.74%,2.13%,-1.10%,0.58%,2.54%,2.95%,2.40%,1.67%,1.65%,2.69%,2.73%,1.17%,1.24%,2.16%,3.65%,2.97%,1.62%,1.00%,1.42%,1.52%,2.13%,1.42%,1.61%,2.25%,2.82%,2.74%,4.09%,3.46%,3.07%,4.40%,3.18%,4.15%,4.50%,4.33%,2.47%,2.73%,2.03%,2.05%,1.34%,1.51%,1.77%,1.40%,2.62%,0.92%,0.51%,0.82%,1.08%,1.34%,1.37%,1.30%,1.39%,1.45%,1.26%,1.27%,1.11%,1.10%,1.21%,1.25%,1.25%,1.26%,1.26%,1.28%,1.91%,1.84%,1.57%,1.52%,1.41%,3.01%,3.00%,3.24%,4.20%,3.76%,4.00%,3.54%,4.22%,3.14%,4.49%,4.22%,4.62%,4.15%,4.10%,4.31%,4.26%,4.91%,5.26%,4.34%,3.85%,4.93%,4.61%,4.82%,4.57%,4.30%,4.52%,3.55%,3.38%,2.15%,1.90%,1.52%,1.07%,0.52%,0.42%,0.58%,1.04%,0.45%,0.55%,0.64%,0.69%,1.22%,0.63%,0.68%,1.24%,1.77%,1.28%,0.53%,0.39%,0.38%,0.88%,0.57%,0.57%
129,Overige brandstoffen voor privévoertuigen (ND),-24.0%,-22.1%,-21.3%,-8.49%,-6.90%,-9.82%,-4.30%,-0.61%,-2.04%,-0.67%,24.3%,45.3%,36.0%,21.8%,15.7%,6.79%,4.28%,12.5%,19.4%,16.9%,25.2%,21.8%,12.1%,-3.10%,-4.06%,12.1%,24.5%,28.9%,29.7%,33.5%,28.2%,28.0%,1.20%,-7.38%,-9.96%,3.35%,9.69%,7.10%,0.19%,-11.9%,-10.2%,-23.2%,-24.5%,-22.8%,-6.83%,6.75%,18.8%,4.70%,-11.7%,-24.5%,-24.2%,-2.48%,0.08%,9.71%,3.50%,3.73%,0.93%,-4.42%,-0.55%,10.3%,37.2%,52.8%,44.1%,27.9%,34.1%,41.2%,51.2%,61.4%,65.9%,57.1%,40.7%,38.4%,63.4%,75.1%,64.2%,39.2%,28.1%,16.4%,13.4%,0.70%,-5.77%,-6.02%,-7.60%,-0.38%,-21.7%,-32.6%,-29.5%,-25.8%,-26.4%,-18.6%,-10.3%,-9.58%,-7.35%,-1.10%,1.73%,1.20%,-4.57%,2.51%,8.53%,15.5%,20.5%,11.0%,7.80%,27.1%,27.8%,27.4%,21.0%,17.6%,16.7%,2.45%,7.20%,12.5%,11.3%,17.7%,2.97%,-9.05%,-9.77%,-7.33%,-3.83%,4.08%,4.08%
131,Overige diensten in verband met de woning n.e.g. (S),3.07%,3.02%,3.12%,2.36%,2.53%,2.61%,2.56%,2.52%,2.32%,2.04%,0.60%,0.33%,0.44%,0.46%,0.69%,0.75%,0.67%,0.59%,0.64%,0.72%,0.72%,0.93%,1.62%,1.97%,1.91%,1.81%,1.44%,1.54%,1.57%,1.63%,1.77%,1.69%,1.65%,1.69%,0.98%,0.66%,0.68%,0.68%,0.93%,0.87%,1.64%,1.61%,1.60%,1.82%,2.04%,2.08%,2.39%,2.63%,2.92%,2.93%,3.34%,3.53%,2.72%,2.66%,2.63%,2.52%,2.36%,2.39%,2.12%,1.96%,1.59%,1.59%,0.94%,0.75%,0.96%,0.99%,0.90%,1.03%,1.71%,1.86%,1.82%,2.03%,2.46%,3.86%,4.17%,4.52%,4.79%,4.83%,4.83%,4.83%,4.85%,4.98%,5.75%,6.58%,7.13%,6.07%,7.58%,7.10%,7.06%,6.92%,6.98%,6.76%,6.00%,5.59%,4.84%,5.42%,4.91%,4.59%,3.05%,3.27%,2.87%,3.61%,3.55%,3.49%,3.49%,3.70%,4.53%,3.17%,3.44%,3.53%,3.70%,3.42%,3.60%,2.92%,3.18%,3.39%,3.67%,3.55%,2.81%,3.27%,3.27%
132,Overige diensten n.e.g. (S),0.54%,0.57%,0.62%,0.33%,0.61%,0.60%,0.68%,0.67%,0.57%,0.59%,0.88%,0.88%,1.14%,1.11%,1.06%,1.05%,0.97%,0.98%,0.97%,0.97%,1.08%,1.15%,1.26%,1.52%,1.27%,1.36%,1.28%,1.36%,1.30%,1.30%,1.25%,1.27%,1.38%,1.39%,1.20%,0.96%,0.91%,0.88%,0.96%,1.00%,0.98%,0.96%,0.95%,0.97%,0.91%,0.87%,0.79%,1.54%,1.53%,1.48%,1.39%,1.30%,1.44%,1.56%,1.56%,1.51%,1.43%,1.36%,1.36%,0.53%,0.64%,0.62%,0.67%,0.83%,0.86%,0.78%,0.89%,1.21%,1.43%,1.48%,1.79%,2.10%,2.13%,2.26%,2.61%,2.51%,2.78%,2.79%,2.82%,2.89%,2.78%,0.09%,0.24%,2.12%,1.99%,2.32%,2.29%,2.35%,2.28%,2.26%,2.40%,2.87%,2.86%,5.68%,5.32%,3.86%,4.07%,3.61%,4.03%,4.06%,3.79%,3.75%,3.50%,2.76%,2.69%,2.66%,2.56%,2.21%,2.12%,2.16%,1.75%,1.72%,1.66%,1.71%,1.84%,1.71%,1.86%,2.06%,2.08%,1.91%,1.91%
133,Overige gemalen granen en graanproducten (ND),8.97%,7.57%,6.45%,7.54%,7.06%,5.64%,7.09%,8.00%,6.94%,5.11%,3.22%,5.17%,2.97%,0.00%,2.46%,1.31%,2.84%,4.03%,3.63%,2.06%,2.31%,1.40%,2.48%,0.71%,-0.95%,2.08%,1.41%,1.52%,2.07%,0.34%,0.34%,-0.00%,1.20%,-2.55%,1.25%,1.93%,2.21%,3.38%,-0.15%,1.94%,0.26%,2.08%,0.10%,2.92%,1.77%,5.89%,1.60%,1.80%,0.86%,1.07%,1.90%,0.09%,-1.15%,0.07%,1.51%,0.38%,-1.48%,-0.45%,0.68%,-1.81%,-1.00%,-0.30%,-1.05%,-1.24%,-0.44%,-0.38%,-1.65%,0.79%,0.94%,2.11%,-0.07%,3.25%,5.62%,3.02%,4.00%,7.32%,6.73%,7.94%,7.99%,10.2%,9.23%,11.5%,11.6%,10.9%,11.1%,10.4%,10.8%,7.78%,6.82%,7.37%,6.84%,5.13%,5.58%,4.02%,1.06%,1.79%,-0.24%,-0.42%,0.20%,-0.24%,2.42%,-0.65%,0.68%,-2.88%,0.03%,-0.75%,0.14%,-0.21%,1.58%,1.47%,0.38%,2.59%,0.71%,0.89%,1.69%,0.41%,0.46%,0.00%,-2.53%,-2.55%,-2.55%
134,"Overige groenten, vers of gekoeld (ND)",-0.79%,0.50%,4.38%,2.55%,4.96%,8.67%,2.68%,-4.05%,-2.26%,7.10%,12.4%,19.0%,13.3%,-4.66%,-3.86%,-2.39%,-4.61%,-4.14%,-4.09%,-3.10%,-3.55%,-5.24%,-7.98%,-14.7%,-11.7%,-2.92%,-5.45%,-2.38%,1.06%,-1.12%,5.57%,3.74%,3.40%,3.97%,3.58%,6.19%,4.94%,2.09%,5.53%,6.91%,4.18%,6.10%,0.42%,-2.74%,-4.00%,-4.12%,-2.46%,-0.54%,2.29%,6.96%,8.90%,9.01%,8.38%,5.05%,4.29%,8.31%,7.49%,2.97%,-2.73%,-1.27%,-3.15%,-4.71%,-5.98%,-7.50%,-3.76%,-2.18%,-0.86%,-3.30%,-2.48%,0.92%,3.06%,1.74%,3.81%,2.26%,4.95%,5.89%,5.77%,4.69%,4.97%,11.8%,16.3%,16.1%,14.8%,16.0%,23.1%,23.9%,23.8%,20.3%,20.5%,22.3%,15.3%,8.94%,8.89%,8.44%,11.1%,8.41%,-2.37%,-6.31%,-6.53%,-1.53%,-1.92%,-2.48%,2.89%,5.15%,3.49%,2.34%,2.09%,-0.25%,1.07%,-1.49%,-0.27%,0.40%,0.26%,0.73%,1.30%,-1.34%,-2.31%,-2.18%,0.93%,-1.36%,-1.36%
135,Overige grote duurzame recreatieartikelen (D),0.68%,1.17%,1.23%,1.44%,1.38%,1.67%,0.98%,0.93%,1.41%,1.65%,1.27%,1.28%,0.73%,0.06%,-0.54%,-0.66%,-0.43%,-0.21%,0.67%,1.10%,0.52%,0.41%,0.59%,-0.01%,0.17%,0.58%,0.88%,0.65%,0.48%,-0.17%,-0.84%,-1.14%,-1.15%,-1.31%,-1.34%,-0.81%,-0.71%,-0.72%,-0.41%,-0.36%,-0.36%,-0.02%,0.36%,0.46%,0.35%,0.75%,0.75%,0.55%,0.34%,0.57%,0.44%,0.74%,0.73%,0.77%,0.86%,0.50%,0.56%,0.28%,0.28%,0.77%,1.38%,0.96%,0.97%,0.72%,0.73%,0.76%,1.64%,3.05%,3.29%,3.15%,3.15%,2.74%,3.64%,4.75%,5.11%,5.42%,5.42%,8.52%,8.76%,9.20%,9.02%,9.36%,9.36%,10.6%,9.44%,8.35%,8.32%,9.00%,9.00%,5.53%,4.75%,3.65%,3.81%,3.04%,3.04%,1.84%,1.23%,1.10%,0.85%,-0.06%,-0.06%,0.46%,0.17%,-0.76%,-0.67%,-0.10%,-0.10%,-0.15%,-0.10%,0.06%,-0.24%,-0.08%,-0.08%,0.02%,-0.04%,0.37%,0.16%,0.41%,0.24%,0.49%,0.49%
137,Overige informatie- en communicatieapparatuur (D),-2.84%,-3.03%,-1.09%,-0.98%,-0.37%,-2.67%,-3.24%,-4.33%,-3.44%,-2.75%,-3.01%,-2.29%,-2.66%,-2.42%,-2.15%,-1.14%,-1.26%,0.79%,5.35%,5.52%,3.41%,2.83%,3.32%,4.01%,4.60%,2.19%,2.52%,3.85%,3.77%,3.38%,0.36%,4.02%,4.12%,2.95%,2.19%,3.21%,3.06%,3.38%,4.64%,2.49%,0.96%,1.70%,1.23%,-1.70%,-1.60%,-0.98%,-0.51%,-0.62%,1.24%,3.34%,3.44%,3.86%,4.88%,2.33%,3.25%,1.24%,4.19%,4.56%,3.76%,1.06%,0.63%,0.42%,-1.52%,-1.28%,-5.91%,0.14%,-2.52%,-1.19%,-0.35%,-2.22%,-3.89%,-0.91%,-2.69%,-3.46%,-2.71%,-2.93%,-4.19%,-3.11%,-0.75%,-0.25%,-2.59%,-2.86%,-3.90%,0.58%,-0.82%,3.63%,2.71%,2.50%,3.12%,5.12%,3.25%,2.03%,3.84%,4.72%,9.21%,3.60%,4.71%,2.30%,2.53%,2.58%,9.17%,1.00%,-0.34%,0.90%,-1.42%,1.61%,1.61%,-0.17%,0.46%,0.88%,-0.69%,-0.56%,-0.56%,0.13%,-0.25%,-1.61%,-1.41%,-1.79%,-2.20%,-4.00%,-4.00%
138,Overige informatie- en communicatietoebehoren (SD),.,.,.,.,.,.,.,.,.,-2.13%,-2.02%,-1.49%,-1.48%,-1.48%,-1.46%,-1.33%,-1.19%,-1.71%,-2.10%,-2.27%,-2.10%,-1.39%,-1.60%,-1.22%,-1.40%,-1.41%,-1.46%,-1.45%,-1.33%,-0.17%,0.42%,0.36%,0.63%,-0.17%,-0.28%,0.07%,0.72%,0.65%,0.53%,1.00%,0.69%,0.19%,0.64%,1.01%,0.90%,1.26%,1.66%,0.96%,0.77%,0.68%,0.69%,0.41%,0.30%,0.10%,0.25%,-0.08%,-0.48%,-0.78%,-1.04%,-0.79%,-1.03%,-0.75%,-0.48%,-0.55%,-0.40%,0.56%,-0.65%,-0.49%,-0.12%,0.12%,0.12%,-0.80%,-0.02%,-0.49%,-1.05%,-1.85%,-1.85%,-2.42%,-1.80%,-1.48%,-1.17%,-1.15%,-1.15%,-0.35%,-0.98%,-1.12%,-0.86%,0.40%,0.40%,0.16%,0.34%,-0.45%,-1.79%,-1.41%,-1.41%,-0.55%,-0.63%,-0.82%,-0.40%,-0.86%,-0.86%,-0.59%,-0.38%,0.16%,0.13%,0.71%,0.71%,-5.15%,-2.82%,-1.99%,-0.93%,-1.09%,-1.09%,-3.81%,-3.91%,-7.91%,-7.85%,-7.58%,-10.3%,-2.19%,-2.19%
139,Overige kledingartikelen (SD),1.45%,1.47%,1.03%,0.79%,1.47%,1.15%,1.13%,1.76%,2.23%,2.31%,1.68%,0.05%,0.72%,0.91%,1.02%,1.16%,0.95%,1.51%,0.97%,0.62%,0.83%,0.75%,1.08%,1.98%,1.89%,1.94%,1.68%,1.38%,0.45%,0.18%,0.56%,-0.68%,-1.07%,-1.09%,-0.66%,0.41%,0.04%,-0.28%,-0.11%,-0.20%,0.84%,0.35%,-0.28%,1.52%,1.49%,1.50%,2.09%,1.56%,2.05%,2.50%,2.41%,2.65%,2.42%,3.23%,2.88%,1.61%,1.94%,1.92%,0.90%,1.07%,0.46%,0.05%,-0.22%,0.11%,0.23%,-0.30%,0.88%,1.31%,0.86%,1.32%,1.32%,1.37%,2.14%,2.05%,2.51%,2.19%,2.64%,1.17%,1.72%,2.62%,3.25%,3.34%,3.34%,1.58%,2.77%,2.97%,2.94%,3.21%,2.63%,3.88%,5.33%,4.80%,4.37%,3.74%,3.74%,2.32%,0.10%,-0.29%,1.06%,0.99%,0.99%,2.97%,1.40%,1.40%,1.89%,2.00%,2.00%,2.97%,2.97%,2.97%,5.28%,5.37%,5.37%,2.02%,2.39%,2.05%,1.63%,1.58%,1.58%,1.70%,1.70%
140,Overige kleine huishoudelijke apparaten (SD),1.11%,1.39%,1.15%,1.35%,1.18%,1.18%,0.89%,0.75%,0.63%,0.34%,0.42%,-0.35%,-0.26%,-0.51%,-0.40%,-0.80%,-0.94%,-0.47%,-0.51%,-0.97%,-1.02%,-0.73%,-1.10%,-0.37%,0.00%,-0.15%,-0.70%,-0.11%,0.07%,-0.37%,-0.03%,0.32%,0.49%,0.50%,0.83%,0.46%,-0.26%,0.03%,0.93%,0.37%,0.15%,0.15%,-0.06%,-0.11%,-0.56%,-0.64%,-0.76%,-0.23%,0.20%,0.89%,0.76%,0.75%,0.72%,0.59%,0.62%,0.48%,0.95%,1.09%,1.11%,1.07%,1.30%,0.78%,0.79%,0.81%,1.06%,0.82%,0.84%,2.01%,2.27%,2.88%,2.88%,2.93%,3.26%,3.46%,4.16%,5.31%,5.31%,6.05%,6.48%,6.36%,5.97%,5.34%,5.34%,6.39%,6.64%,6.88%,6.28%,5.67%,5.67%,5.24%,5.21%,4.16%,4.13%,4.03%,4.03%,2.71%,1.72%,1.93%,1.32%,0.50%,0.50%,-0.23%,-0.54%,-0.63%,-0.99%,-0.70%,-0.70%,-0.79%,-0.54%,-1.15%,-1.24%,-0.65%,-0.65%,-0.01%,-0.76%,-0.32%,-0.34%,-0.42%,-0.42%,-1.39%,-1.39%
141,Overige melk en room (ND),-0.91%,-0.24%,0.58%,1.90%,2.58%,1.35%,0.84%,1.43%,1.39%,1.05%,1.79%,1.15%,1.19%,1.45%,2.41%,0.65%,2.14%,3.48%,4.17%,2.83%,4.12%,6.53%,8.71%,7.84%,8.97%,9.26%,7.73%,7.90%,5.94%,6.29%,3.54%,7.41%,5.44%,3.44%,1.80%,0.70%,0.70%,1.91%,1.03%,2.37%,2.09%,1.94%,1.75%,1.20%,0.21%,-0.80%,3.23%,3.19%,2.26%,1.33%,3.95%,2.44%,1.90%,1.98%,3.03%,3.02%,2.54%,3.28%,3.12%,1.11%,0.18%,-0.11%,-1.00%,-0.20%,1.72%,0.82%,-1.70%,1.36%,0.64%,1.72%,2.92%,4.93%,5.00%,7.16%,7.30%,8.33%,10.5%,10.2%,13.3%,14.5%,15.6%,19.0%,20.8%,20.9%,22.1%,20.5%,20.9%,21.8%,17.9%,17.6%,13.9%,12.4%,11.2%,8.09%,5.16%,5.59%,5.57%,0.53%,-0.31%,-1.55%,-1.77%,-0.18%,2.78%,-1.42%,1.54%,0.57%,3.15%,2.50%,3.57%,4.07%,2.76%,3.54%,3.66%,2.94%,5.90%,1.45%,1.16%,2.48%,-3.09%,-2.56%,-2.56%
142,Overige niet-duurzame huishoudproducten (ND),0.52%,1.16%,1.87%,0.95%,1.01%,1.03%,0.00%,1.87%,1.21%,0.03%,0.19%,-0.35%,-0.44%,1.66%,-0.79%,-1.01%,1.22%,1.73%,1.60%,-1.45%,-0.46%,0.64%,-0.77%,-0.59%,0.98%,-0.99%,1.91%,3.20%,1.90%,-0.29%,1.59%,2.22%,0.57%,1.27%,2.42%,2.96%,1.05%,1.86%,0.99%,0.21%,0.09%,-0.25%,-0.03%,-0.85%,-0.10%,1.21%,0.57%,0.07%,1.18%,2.80%,0.93%,0.72%,2.10%,2.88%,2.41%,2.31%,0.46%,0.71%,0.32%,-1.16%,-0.84%,-3.11%,-3.96%,-3.09%,-2.94%,-3.58%,-2.42%,-2.05%,-1.61%,-0.52%,1.59%,6.92%,8.16%,6.71%,9.55%,11.6%,14.2%,11.1%,15.6%,18.7%,19.5%,21.4%,21.3%,22.4%,20.2%,21.0%,18.2%,14.3%,13.5%,16.1%,11.4%,7.57%,4.87%,2.23%,5.56%,1.36%,-0.04%,-3.17%,-1.19%,0.69%,-2.57%,0.13%,-2.93%,-3.04%,-0.01%,-0.72%,-0.36%,-0.79%,-1.02%,-1.65%,-1.31%,-2.52%,-2.39%,-3.59%,-1.49%,0.09%,-1.02%,-1.39%,-7.07%,-6.09%,-6.09%
143,Overige poliklinische tandheelkundige diensten (S),0.00%,0.00%,0.00%,0.00%,0.00%,0.00%,0.00%,0.00%,0.00%,0.00%,19.5%,19.5%,19.5%,19.5%,19.5%,19.5%,19.5%,19.5%,19.5%,19.5%,19.5%,19.5%,5.88%,5.88%,5.88%,5.88%,5.88%,5.88%,5.88%,5.88%,5.88%,5.88%,5.88%,5.88%,0.00%,0.00%,0.00%,0.00%,0.00%,0.00%,0.00%,0.00%,0.00%,0.00%,0.00%,0.00%,0.00%,0.00%,0.00%,0.00%,0.00%,0.00%,0.00%,0.00%,0.00%,0.00%,0.00%,0.00%,0.00%,0.00%,0.00%,0.00%,0.00%,0.00%,0.00%,0.00%,0.00%,0.00%,0.00%,0.00%,0.00%,0.00%,0.00%,0.00%,0.00%,0.00%,0.00%,0.00%,0.00%,0.00%,0.00%,0.00%,0.00%,0.00%,0.00%,0.00%,0.00%,0.00%,0.00%,0.00%,0.00%,0.00%,0.00%,0.00%,1.41%,1.41%,1.41%,1.41%,1.41%,1.41%,1.41%,1.41%,1.41%,1.41%,1.41%,1.41%,8.45%,8.45%,8.45%,8.45%,8.45%,8.45%,8.45%,8.45%,8.45%,8.45%,8.45%,8.45%,0.23%,0.23%,0.23%
144,"Overige schaal- en schelpdieren, levend, vers, gekoeld of bevroren (ND)",11.9%,33.6%,38.1%,39.3%,23.7%,21.3%,14.7%,8.09%,10.3%,13.8%,17.3%,4.71%,3.48%,-11.3%,-12.6%,-9.25%,6.52%,11.7%,12.4%,8.44%,5.60%,2.48%,2.56%,-0.17%,4.50%,4.34%,4.22%,3.94%,-3.87%,-5.41%,0.15%,3.02%,4.68%,3.42%,0.44%,-0.36%,-3.09%,-5.21%,-8.49%,-13.7%,-11.9%,-13.6%,-15.3%,-5.58%,-8.31%,-6.53%,-4.03%,-1.32%,-5.14%,4.80%,15.6%,10.3%,29.2%,24.6%,29.1%,31.6%,27.2%,31.8%,15.5%,20.4%,19.9%,10.4%,12.0%,7.87%,-1.23%,-0.40%,-0.94%,-4.29%,-1.46%,4.95%,-2.48%,2.63%,5.75%,7.63%,10.6%,16.3%,16.1%,20.4%,14.6%,12.5%,15.5%,18.0%,7.68%,15.5%,13.6%,17.9%,7.08%,3.16%,11.0%,-2.83%,3.74%,12.5%,3.36%,6.39%,38.9%,23.1%,32.0%,25.3%,22.1%,32.3%,17.1%,31.4%,30.8%,19.9%,28.8%,5.62%,13.7%,5.50%,2.13%,-0.74%,1.94%,2.90%,4.55%,7.86%,3.33%,3.07%,5.57%,7.20%,3.88%,7.66%,7.66%
145,"Overige spellen, speelgoed en hobbygerelateerde artikelen (SD)",-0.05%,-0.37%,-0.46%,-0.38%,-0.33%,-0.20%,-0.31%,-0.33%,0.11%,-0.23%,-0.09%,-0.47%,-0.12%,-0.05%,0.37%,0.53%,0.86%,0.93%,1.06%,1.31%,1.00%,1.32%,1.76%,1.92%,1.83%,1.38%,1.53%,1.38%,1.10%,0.86%,1.07%,0.57%,0.78%,0.21%,-0.40%,-0.08%,-0.14%,1.17%,0.98%,0.97%,0.91%,1.21%,1.22%,1.55%,1.22%,1.53%,1.45%,1.56%,1.55%,1.04%,0.71%,0.73%,0.77%,0.49%,0.38%,0.46%,1.06%,1.21%,1.27%,1.04%,1.11%,0.70%,0.64%,0.39%,0.36%,0.64%,0.76%,1.02%,1.21%,1.24%,1.29%,1.23%,1.92%,2.86%,3.98%,4.28%,4.31%,4.31%,4.62%,5.06%,5.23%,5.31%,5.43%,5.85%,6.25%,5.81%,4.79%,6.27%,6.34%,6.28%,6.00%,4.50%,3.82%,3.63%,3.40%,3.33%,2.35%,1.63%,1.71%,0.37%,0.18%,-0.16%,-0.18%,0.28%,-0.02%,0.25%,0.27%,0.69%,-0.15%,-0.16%,-0.52%,-0.49%,-0.37%,-1.08%,-0.97%,-0.60%,-0.13%,-0.24%,-0.15%,-1.08%,-1.08%
146,Overige suikers en suikervervangers (ND),.,.,.,.,.,.,.,.,.,.,.,.,.,.,.,.,.,.,.,.,.,.,.,.,.,.,.,.,.,.,.,.,.,.,.,.,.,.,.,.,.,.,.,.,.,.,.,.,.,.,.,.,.,.,.,.,.,.,.,.,.,.,.,.,.,.,.,.,.,.,.,.,.,.,.,.,.,.,.,.,.,.,.,.,.,.,.,.,.,.,.,.,.,.,.,.,.,.,.,.,.,.,.,.,.,1.49%,9.76%,1.27%,-0.30%,-1.07%,-0.73%,-1.39%,-1.27%,-1.76%,-1.10%,-0.16%,-1.27%,1.86%,1.41%,-4.52%,-4.52%
147,Overige vaste brandstoffen (ND),-1.44%,-1.00%,-0.77%,-1.15%,-1.17%,-1.15%,-1.12%,-0.70%,-0.24%,-0.10%,0.64%,0.58%,0.59%,-0.17%,-0.59%,-1.02%,-1.06%,-0.39%,-0.43%,-0.86%,-1.31%,-0.63%,-0.06%,-0.26%,-0.20%,-0.15%,0.24%,0.62%,0.69%,0.08%,0.15%,-0.01%,1.60%,1.10%,1.13%,1.48%,1.41%,1.85%,1.81%,1.82%,1.82%,1.79%,1.77%,2.58%,1.85%,1.59%,1.22%,1.58%,1.86%,1.45%,1.21%,1.22%,1.13%,0.89%,0.61%,0.19%,0.40%,-1.97%,-0.64%,-0.31%,-0.47%,-0.26%,-0.01%,-0.04%,0.34%,0.90%,1.50%,1.34%,1.25%,4.28%,3.20%,2.19%,2.56%,3.54%,4.17%,4.59%,4.41%,6.51%,9.03%,14.4%,21.1%,23.5%,23.7%,26.7%,35.6%,40.4%,40.2%,39.7%,39.7%,36.1%,32.6%,29.0%,22.8%,20.3%,19.2%,16.8%,9.18%,4.36%,3.96%,3.98%,-0.31%,-2.37%,-2.51%,-4.80%,-6.46%,-7.58%,-6.96%,-7.24%,-7.90%,-7.74%,-7.83%,-7.73%,-4.13%,-1.93%,-1.47%,-0.70%,1.56%,2.40%,2.82%,1.25%,1.25%
148,Overige verzekeringen (S),3.10%,3.10%,3.10%,3.11%,3.11%,3.11%,3.11%,3.11%,0.61%,1.35%,1.35%,1.10%,1.10%,1.10%,4.10%,3.73%,3.73%,3.73%,3.73%,3.73%,3.73%,3.55%,3.55%,3.55%,5.15%,5.15%,2.12%,2.12%,2.12%,2.12%,2.73%,2.73%,2.73%,-0.03%,-0.03%,-0.03%,-1.55%,-1.09%,-1.09%,-1.09%,-1.09%,-1.09%,-1.68%,-0.48%,-0.48%,1.69%,1.69%,1.69%,1.73%,1.26%,1.26%,1.26%,1.26%,1.26%,1.26%,0.54%,0.54%,0.54%,0.54%,0.54%,1.10%,1.10%,1.10%,1.10%,1.31%,1.31%,1.31%,0.80%,0.80%,0.80%,7.37%,7.37%,6.75%,6.75%,7.82%,7.82%,7.59%,7.59%,7.59%,8.43%,8.43%,8.43%,4.59%,4.59%,4.59%,4.59%,6.29%,6.29%,6.29%,6.29%,6.29%,8.11%,8.11%,8.11%,5.52%,5.52%,5.52%,5.52%,6.36%,6.36%,6.36%,6.36%,6.36%,5.41%,5.41%,5.41%,5.09%,5.93%,5.93%,5.93%,6.96%,6.96%,6.96%,6.96%,6.96%,6.10%,6.10%,6.10%,6.10%,5.25%,5.25%
149,Overige voedingsmiddelen n.e.g. (ND),8.44%,2.59%,3.88%,3.09%,4.37%,5.45%,3.61%,3.91%,3.98%,3.82%,3.37%,2.99%,2.58%,2.49%,2.63%,1.50%,2.89%,2.11%,3.03%,0.77%,-0.00%,0.71%,0.07%,1.38%,1.18%,-0.49%,-0.39%,1.28%,-1.46%,-0.27%,-0.98%,0.53%,0.38%,-0.60%,-0.89%,-0.52%,-1.31%,-1.09%,-1.27%,-1.20%,0.19%,0.44%,1.01%,-0.63%,0.17%,1.61%,2.61%,1.90%,2.48%,2.33%,1.80%,1.88%,1.24%,1.26%,2.51%,-0.39%,-0.50%,0.97%,2.90%,0.14%,-0.63%,0.26%,-0.77%,-1.85%,-0.61%,-0.27%,-1.39%,-0.47%,1.20%,-0.48%,4.32%,2.75%,5.15%,3.52%,5.68%,6.23%,6.87%,9.61%,8.82%,9.30%,9.93%,11.6%,13.0%,11.4%,15.5%,13.3%,13.1%,12.3%,11.6%,10.3%,10.5%,9.81%,5.93%,8.58%,-0.55%,3.55%,-2.33%,3.23%,2.22%,2.57%,1.60%,-0.46%,-1.13%,2.25%,3.56%,1.21%,2.12%,2.47%,2.28%,0.51%,-1.09%,-1.04%,0.27%,0.21%,-0.28%,0.61%,1.28%,-0.93%,0.37%,1.07%,1.07%
151,Pakketreizen (S),6.01%,0.94%,1.74%,1.08%,0.46%,-0.16%,1.53%,1.99%,-1.33%,-0.16%,-0.70%,-0.67%,-3.54%,1.52%,1.19%,1.77%,2.74%,2.54%,2.49%,2.51%,1.03%,-0.15%,-1.05%,-0.20%,3.42%,0.87%,0.74%,0.87%,0.97%,1.19%,0.42%,-0.22%,5.33%,7.39%,7.25%,9.49%,8.05%,4.06%,4.03%,3.72%,4.09%,2.81%,1.92%,2.37%,5.03%,3.74%,5.54%,2.00%,3.11%,3.18%,3.16%,2.75%,2.18%,3.31%,3.09%,1.86%,1.82%,1.84%,1.84%,3.76%,2.48%,2.48%,0.43%,2.49%,8.12%,6.96%,5.06%,6.58%,3.52%,4.88%,3.35%,1.13%,0.95%,2.30%,5.72%,6.47%,1.39%,2.73%,5.70%,5.86%,9.30%,11.8%,11.2%,11.3%,12.7%,9.26%,9.06%,7.88%,8.56%,10.9%,9.58%,9.49%,7.58%,2.84%,3.97%,5.72%,4.93%,6.62%,6.61%,7.36%,7.19%,4.86%,6.03%,5.78%,-1.42%,6.77%,5.27%,5.48%,4.60%,2.55%,1.30%,-0.84%,-2.50%,-3.12%,-3.06%,-4.51%,10.4%,4.41%,7.02%,8.77%,8.77%
152,Parkeerdiensten (S),3.55%,3.55%,3.55%,1.55%,1.02%,1.26%,1.26%,1.33%,1.49%,1.23%,0.82%,0.82%,2.00%,2.00%,2.00%,2.00%,2.00%,1.76%,1.76%,1.95%,1.39%,1.73%,1.77%,1.77%,0.60%,1.38%,5.52%,5.52%,5.52%,5.52%,5.52%,5.94%,6.27%,5.84%,5.92%,9.02%,9.64%,8.80%,4.52%,4.52%,4.52%,4.52%,4.52%,3.62%,3.30%,3.30%,3.30%,0.36%,-0.21%,-0.21%,-0.21%,-0.21%,-0.21%,-0.21%,-0.21%,0.00%,0.00%,0.00%,0.00%,0.00%,0.00%,0.00%,0.00%,0.00%,0.00%,0.00%,0.00%,0.00%,1.67%,1.67%,1.67%,2.19%,2.19%,2.19%,2.19%,3.00%,3.00%,3.00%,3.71%,3.71%,2.36%,2.36%,4.83%,4.30%,4.30%,4.30%,4.30%,3.47%,3.47%,3.47%,6.36%,6.36%,6.00%,6.00%,4.24%,4.24%,4.24%,4.24%,7.63%,7.63%,7.63%,8.43%,4.76%,4.76%,4.76%,5.15%,5.80%,11.8%,11.8%,11.8%,8.35%,8.35%,8.35%,7.56%,7.56%,7.56%,7.56%,8.66%,8.75%,3.51%,3.51%
153,"Personenvervoer door de lucht, internationaal (S)",2.77%,1.54%,-1.21%,-5.68%,1.33%,-3.08%,-1.33%,2.35%,5.47%,4.16%,5.69%,4.11%,5.09%,2.50%,-4.71%,-3.72%,-5.51%,-14.3%,-8.40%,-10.9%,-9.13%,-8.83%,-0.04%,5.70%,1.09%,-0.82%,4.67%,4.88%,3.29%,15.3%,7.06%,3.91%,-0.65%,0.57%,-5.08%,-7.81%,-4.96%,10.3%,0.31%,-0.72%,3.64%,0.55%,4.29%,7.03%,4.96%,1.64%,2.94%,3.78%,3.33%,3.33%,3.33%,-2.47%,-9.39%,-14.4%,-9.44%,-6.26%,-6.26%,-6.26%,-6.19%,-6.26%,-6.26%,-6.26%,-6.26%,-6.26%,-3.56%,-1.74%,0.85%,-0.87%,0.98%,3.66%,-4.54%,-2.60%,4.13%,-5.00%,0.86%,10.4%,34.4%,41.1%,17.0%,14.6%,18.2%,25.2%,24.2%,26.0%,19.9%,16.2%,41.8%,16.0%,17.0%,9.74%,7.45%,6.06%,2.81%,5.80%,3.56%,-0.99%,2.93%,0.85%,-12.3%,5.30%,2.12%,8.03%,15.9%,16.6%,8.15%,1.26%,4.44%,10.2%,-7.82%,4.98%,-13.8%,-11.7%,-13.7%,-4.36%,-1.01%,7.83%,3.35%,25.9%,13.3%,35.0%,35.0%
154,Personenvervoer per bus en touringcar (S),4.13%,4.13%,4.13%,4.13%,4.13%,4.13%,4.13%,4.13%,4.13%,4.13%,4.13%,4.31%,4.31%,4.31%,4.31%,4.31%,4.31%,4.31%,4.31%,4.31%,4.31%,4.31%,4.31%,0.84%,0.84%,0.84%,0.84%,0.84%,0.84%,0.84%,0.84%,0.84%,0.84%,0.84%,0.84%,0.97%,0.97%,0.97%,0.97%,0.97%,0.97%,0.97%,0.97%,0.97%,0.97%,0.97%,0.98%,2.95%,2.95%,2.95%,2.95%,2.95%,2.95%,2.95%,2.95%,2.95%,2.95%,2.95%,2.93%,1.60%,1.60%,1.60%,1.60%,1.60%,1.60%,1.60%,1.60%,1.60%,1.60%,1.60%,1.60%,0.28%,0.28%,0.28%,0.28%,0.28%,0.28%,0.28%,0.28%,0.28%,0.28%,0.28%,0.28%,1.43%,1.43%,1.43%,1.43%,1.43%,1.43%,1.43%,1.43%,1.43%,1.43%,1.43%,1.43%,0.00%,0.00%,0.00%,0.00%,0.00%,0.00%,0.00%,0.65%,0.65%,0.65%,0.65%,0.65%,2.10%,2.10%,14.4%,14.4%,14.4%,14.4%,14.4%,13.9%,13.9%,13.9%,13.9%,13.9%,18.0%,18.0%
155,Personenvervoer per spoor (S),1.07%,1.07%,1.07%,1.07%,1.07%,1.07%,1.07%,1.07%,1.07%,1.07%,-0.05%,1.89%,1.93%,2.95%,2.98%,2.65%,3.27%,2.47%,1.98%,2.69%,2.49%,3.43%,1.73%,3.16%,2.50%,0.41%,0.34%,0.10%,1.22%,1.29%,0.33%,2.59%,3.49%,4.70%,4.90%,1.49%,2.83%,5.68%,4.65%,5.55%,4.06%,3.37%,3.88%,0.96%,0.41%,-0.06%,0.94%,3.48%,2.06%,1.54%,1.85%,1.60%,0.09%,0.98%,1.64%,1.55%,1.50%,0.93%,2.54%,-0.35%,-0.59%,-0.57%,-0.58%,-0.58%,-0.76%,-0.44%,-0.31%,0.11%,-0.48%,-0.30%,-2.30%,-1.32%,-0.30%,0.16%,0.61%,1.02%,3.51%,2.95%,2.39%,2.63%,2.94%,3.97%,3.69%,11.2%,11.1%,11.3%,11.7%,10.3%,10.2%,10.2%,10.2%,9.79%,8.98%,8.37%,6.03%,4.00%,4.99%,4.71%,5.52%,5.11%,5.10%,5.28%,3.10%,4.75%,4.36%,5.38%,4.66%,0.22%,-1.18%,1.20%,0.06%,0.67%,0.52%,0.88%,-0.29%,-1.10%,-0.22%,1.08%,1.64%,1.30%,1.30%
156,Personenvervoer per taxi of huurauto met chauffeur (S),0.52%,0.88%,0.88%,0.86%,0.74%,1.43%,1.59%,2.16%,2.16%,1.72%,1.23%,1.13%,1.36%,1.18%,1.15%,1.25%,1.37%,0.71%,0.55%,0.02%,-0.03%,-0.03%,0.41%,0.11%,-0.13%,-0.06%,-0.02%,-0.01%,-0.01%,0.11%,0.11%,0.21%,0.21%,0.33%,0.53%,0.77%,0.30%,0.19%,-0.12%,-0.23%,-0.16%,-0.28%,-0.23%,2.00%,2.00%,1.87%,1.72%,2.42%,2.96%,3.01%,3.64%,3.64%,3.56%,3.56%,3.50%,1.32%,1.38%,1.38%,1.44%,0.73%,0.67%,0.67%,0.36%,0.36%,0.44%,0.44%,0.61%,0.06%,0.73%,1.06%,1.78%,1.47%,2.69%,2.69%,3.38%,3.60%,4.19%,4.40%,5.17%,6.11%,5.65%,5.64%,6.57%,8.50%,8.02%,8.55%,8.08%,8.48%,8.01%,8.10%,8.23%,8.01%,9.07%,9.13%,7.68%,6.85%,6.05%,5.73%,7.07%,6.55%,6.66%,6.36%,5.46%,5.27%,4.68%,4.29%,3.83%,3.34%,3.23%,3.81%,2.33%,2.32%,2.00%,2.00%,2.64%,2.38%,1.91%,2.20%,2.96%,3.19%,3.19%
157,Personenvervoer voor leerlingen van en naar school (S),1.28%,1.28%,1.28%,1.28%,1.28%,1.28%,1.28%,1.28%,1.28%,1.28%,1.28%,2.15%,2.15%,2.15%,2.15%,2.15%,2.15%,2.15%,2.15%,2.15%,2.15%,2.15%,2.15%,1.92%,1.92%,1.92%,1.92%,1.92%,1.92%,1.92%,1.92%,1.92%,1.92%,1.92%,1.92%,0.91%,0.91%,0.91%,0.91%,0.91%,0.91%,0.91%,0.91%,0.91%,0.91%,0.91%,0.93%,0.92%,0.92%,0.92%,0.92%,0.92%,0.92%,0.92%,0.92%,0.92%,0.92%,0.92%,0.90%,0.37%,0.37%,0.37%,0.37%,0.37%,-3.93%,-3.93%,-3.93%,-3.93%,-3.93%,-3.93%,-3.93%,0.01%,0.01%,0.01%,0.01%,0.01%,4.49%,4.49%,4.49%,4.49%,4.49%,4.49%,4.49%,0.00%,0.00%,0.00%,0.00%,0.00%,0.00%,0.00%,0.00%,0.00%,0.00%,0.00%,0.00%,0.00%,0.00%,0.00%,0.00%,0.00%,0.00%,0.00%,0.82%,0.82%,0.82%,0.82%,0.82%,1.75%,1.75%,1.75%,1.75%,1.75%,1.75%,1.75%,0.97%,0.97%,0.97%,0.97%,0.97%,5.91%,5.91%
159,Plantaardige oliën (ND),5.93%,6.01%,6.76%,7.91%,6.71%,5.20%,4.17%,5.54%,4.47%,3.52%,3.81%,2.66%,2.12%,1.33%,2.59%,1.47%,4.28%,3.85%,6.54%,4.61%,3.36%,5.29%,4.57%,2.51%,5.20%,7.48%,3.34%,4.58%,1.43%,0.33%,0.67%,1.33%,3.10%,-0.41%,0.59%,0.42%,-0.72%,-2.87%,-2.63%,-2.05%,-1.28%,1.37%,-2.05%,-1.76%,-1.70%,-2.23%,-2.43%,-1.72%,-1.80%,-0.39%,-0.24%,0.07%,0.35%,-0.38%,-0.00%,2.25%,1.53%,2.13%,1.95%,2.94%,0.44%,-0.85%,1.67%,1.48%,2.23%,4.55%,6.02%,4.41%,6.69%,9.81%,11.1%,13.9%,15.4%,17.5%,21.2%,23.1%,26.7%,24.8%,27.1%,25.3%,28.0%,29.8%,27.0%,26.7%,27.0%,32.1%,23.5%,18.8%,16.8%,16.8%,17.2%,17.4%,13.8%,16.0%,18.0%,17.5%,22.4%,12.3%,18.1%,21.5%,21.7%,20.4%,17.6%,21.9%,13.9%,12.7%,13.3%,12.0%,8.93%,2.36%,2.08%,-1.27%,-3.04%,-4.01%,-4.55%,-5.87%,0.63%,-1.98%,-1.57%,-1.04%,-1.04%
160,"Planten, zaden en bloemen (ND)",0.15%,-1.06%,-2.72%,1.42%,3.72%,2.97%,1.72%,3.82%,3.72%,2.38%,1.89%,4.19%,4.25%,2.56%,3.54%,-0.48%,-0.35%,1.08%,1.77%,0.38%,0.54%,2.15%,1.97%,1.77%,0.89%,1.82%,0.38%,0.96%,0.81%,-0.98%,1.12%,0.29%,1.45%,2.07%,2.16%,1.57%,1.47%,1.52%,5.15%,5.41%,2.00%,3.30%,2.29%,2.89%,2.27%,1.32%,0.48%,3.33%,0.43%,0.46%,0.50%,3.83%,8.28%,5.80%,7.12%,5.83%,5.90%,5.94%,5.94%,5.94%,6.55%,8.51%,6.87%,3.46%,2.13%,6.53%,4.38%,6.68%,6.74%,6.83%,7.82%,7.67%,9.14%,6.87%,5.98%,5.51%,5.22%,2.76%,5.41%,7.28%,5.83%,7.73%,8.56%,6.95%,6.66%,7.32%,5.80%,6.66%,6.67%,6.74%,3.89%,1.58%,3.75%,1.20%,1.28%,-1.08%,1.91%,2.41%,3.81%,6.54%,10.4%,5.85%,6.57%,6.03%,4.20%,3.48%,6.74%,9.92%,5.19%,4.08%,3.76%,3.23%,-3.32%,1.04%,3.16%,2.81%,1.30%,1.64%,-2.73%,-3.72%,-3.72%
161,Poliklinische curatieve zorg en revalidatiediensten (S),-0.00%,0.00%,0.00%,0.00%,0.00%,0.00%,0.00%,0.00%,0.00%,0.00%,0.02%,0.03%,0.04%,0.05%,0.05%,0.08%,0.08%,0.08%,0.08%,0.08%,0.08%,0.08%,0.24%,0.22%,0.22%,0.20%,0.20%,0.17%,0.17%,0.17%,0.17%,0.17%,0.17%,0.17%,0.40%,0.40%,0.40%,0.40%,0.40%,0.40%,0.40%,0.40%,0.40%,0.40%,0.40%,0.40%,0.21%,0.21%,0.21%,0.21%,0.21%,0.21%,0.21%,0.21%,0.21%,0.21%,0.21%,0.21%,0.11%,0.11%,0.11%,0.11%,0.11%,0.11%,0.11%,0.11%,0.11%,0.11%,0.11%,0.11%,0.00%,0.00%,0.00%,0.00%,0.00%,0.00%,0.00%,0.00%,0.00%,0.00%,0.00%,0.00%,0.84%,0.76%,0.84%,0.84%,0.84%,0.84%,0.84%,0.84%,0.84%,0.84%,0.84%,0.84%,2.09%,2.17%,2.09%,2.09%,2.09%,2.09%,2.09%,2.09%,2.09%,2.09%,2.09%,2.09%,0.26%,0.26%,0.26%,0.26%,0.26%,0.26%,0.26%,0.26%,0.26%,0.26%,0.26%,0.26%,0.46%,0.46%,0.46%
162,Preventieve en beschermende hulpmiddelen (ND),0.99%,1.69%,1.24%,1.67%,-0.81%,2.69%,1.25%,1.32%,1.40%,-0.78%,1.52%,2.55%,-0.02%,0.88%,1.46%,1.17%,2.99%,2.29%,0.05%,1.48%,1.23%,3.14%,2.12%,2.42%,5.03%,3.07%,2.38%,2.28%,2.34%,2.04%,3.96%,1.25%,1.81%,2.48%,1.67%,2.09%,1.75%,2.68%,1.60%,1.95%,2.14%,-1.61%,1.42%,-0.00%,-0.57%,-4.92%,-2.31%,-2.88%,-2.93%,-3.41%,-2.39%,-2.96%,-2.87%,1.00%,-0.35%,2.10%,2.15%,6.10%,2.91%,2.85%,2.29%,2.33%,2.33%,3.12%,3.62%,5.70%,5.64%,6.41%,7.03%,6.88%,8.72%,9.56%,11.3%,10.9%,12.8%,13.3%,12.8%,9.06%,7.72%,7.73%,6.37%,5.69%,4.13%,4.00%,4.09%,6.05%,5.13%,6.28%,6.31%,7.41%,8.28%,8.10%,9.30%,9.87%,10.7%,4.48%,9.75%,8.76%,5.24%,3.15%,1.92%,3.75%,3.38%,3.40%,2.40%,2.98%,4.62%,8.16%,4.24%,5.88%,7.92%,2.78%,4.49%,4.73%,3.99%,-5.72%,4.54%,3.86%,3.88%,-0.25%,-0.25%
163,Preventieve tandheelkundige diensten (S),0.00%,0.00%,0.00%,0.00%,0.00%,0.00%,0.00%,0.00%,0.00%,0.00%,-4.21%,-4.21%,-4.21%,-4.21%,-4.21%,-4.21%,-4.21%,-4.21%,-4.21%,-4.21%,-4.21%,-4.21%,10.0%,10.0%,10.0%,10.0%,10.0%,10.0%,10.0%,10.0%,10.0%,10.0%,10.0%,10.0%,0.00%,0.00%,0.00%,0.00%,0.00%,0.00%,0.00%,0.00%,0.00%,0.00%,0.00%,0.00%,0.00%,0.00%,0.00%,0.00%,0.00%,0.00%,0.00%,0.00%,0.00%,0.00%,0.00%,0.00%,0.00%,0.00%,0.00%,0.00%,0.00%,0.00%,0.00%,0.00%,0.00%,0.00%,0.00%,0.00%,0.00%,0.00%,0.00%,0.00%,0.00%,0.00%,0.00%,0.00%,0.00%,0.00%,0.00%,0.00%,0.00%,0.00%,0.00%,0.00%,0.00%,0.00%,0.00%,0.00%,0.00%,0.00%,0.00%,0.00%,0.00%,0.00%,0.00%,0.00%,0.00%,0.00%,0.00%,0.00%,0.00%,0.00%,0.00%,0.00%,9.09%,9.09%,9.09%,9.09%,9.09%,9.09%,9.09%,9.09%,9.09%,9.09%,9.09%,9.09%,-0.00%,-0.00%,-0.00%
164,Producten voor huisdieren en andere huishoudelijke dieren (ND),3.86%,4.03%,3.36%,-0.03%,2.19%,0.90%,-0.02%,-0.83%,-0.58%,-0.21%,0.05%,-0.67%,-1.78%,0.52%,-0.95%,-0.41%,-0.37%,-1.25%,1.44%,-0.06%,1.26%,-0.73%,-1.24%,-0.46%,1.02%,-1.54%,0.53%,0.92%,-0.06%,0.97%,0.85%,-1.63%,-1.00%,2.32%,1.53%,1.01%,0.52%,-0.59%,0.30%,0.87%,-0.21%,1.11%,-0.21%,3.91%,-1.10%,0.97%,1.86%,2.69%,2.16%,3.02%,3.14%,1.68%,3.25%,1.13%,1.94%,1.31%,3.67%,0.59%,0.91%,-0.06%,0.13%,-0.52%,-1.38%,0.26%,-0.01%,0.57%,1.22%,0.80%,2.49%,2.04%,3.00%,3.55%,3.53%,5.45%,7.35%,8.47%,8.63%,9.88%,10.2%,9.66%,10.0%,9.93%,12.7%,16.0%,18.7%,16.0%,16.7%,16.5%,16.0%,17.3%,15.6%,14.0%,13.6%,14.5%,15.1%,9.45%,7.77%,3.95%,2.04%,2.28%,0.37%,-0.53%,-2.10%,2.65%,-1.03%,-0.57%,-0.40%,-1.28%,-1.22%,1.45%,-1.56%,0.39%,-0.28%,0.48%,0.61%,-0.87%,2.66%,1.12%,-2.44%,1.03%,1.03%
165,Randapparatuur en verbruiksartikelen (D),1.30%,1.38%,1.02%,0.48%,0.48%,0.74%,0.32%,-0.01%,-0.10%,0.00%,-1.11%,-0.46%,-0.10%,-0.65%,-0.53%,-0.59%,-0.88%,-2.30%,-2.42%,-0.84%,-0.63%,-0.69%,-0.52%,0.54%,-0.03%,0.82%,0.49%,-0.04%,1.27%,2.18%,1.65%,1.07%,0.96%,0.98%,-0.28%,0.96%,1.55%,0.76%,1.30%,1.93%,1.47%,1.19%,0.98%,1.94%,2.04%,2.17%,2.77%,2.48%,2.67%,2.79%,4.83%,3.20%,4.40%,4.34%,4.55%,4.18%,3.16%,3.84%,3.71%,2.17%,1.25%,1.28%,0.24%,1.30%,0.14%,-0.22%,-0.11%,0.24%,0.64%,0.90%,0.98%,2.54%,3.21%,3.39%,4.07%,5.02%,5.68%,6.16%,5.71%,5.87%,5.96%,6.79%,7.19%,7.49%,6.37%,6.55%,6.25%,6.00%,5.85%,5.96%,4.09%,4.79%,3.75%,2.87%,2.84%,1.68%,1.23%,2.82%,-0.86%,2.39%,2.88%,1.69%,2.58%,2.21%,1.71%,1.52%,2.26%,1.39%,1.70%,0.33%,2.17%,-0.32%,-2.01%,-2.95%,-1.93%,-1.09%,0.33%,-0.38%,6.48%,7.29%,7.29%
166,Rauwe en volle melk (ND),17.4%,18.2%,15.6%,16.6%,14.9%,6.46%,7.17%,-11.0%,-10.2%,-11.5%,-9.26%,-9.15%,-10.2%,-10.6%,-8.21%,-10.1%,-8.17%,1.53%,0.84%,1.78%,6.34%,3.04%,4.20%,1.47%,0.14%,5.22%,1.64%,3.89%,4.08%,0.31%,-0.07%,1.70%,-1.42%,0.21%,-0.21%,0.36%,5.10%,-0.49%,0.52%,0.72%,0.38%,1.70%,2.58%,2.28%,-0.62%,-0.14%,0.81%,1.83%,3.56%,0.19%,0.72%,1.79%,1.90%,1.26%,2.92%,2.81%,0.96%,1.35%,0.58%,-0.56%,-1.62%,-2.63%,-1.57%,-3.50%,-1.59%,-1.69%,-2.50%,-0.50%,0.38%,1.84%,3.12%,5.16%,7.09%,7.72%,9.85%,18.8%,19.8%,21.7%,25.4%,24.3%,28.3%,28.1%,30.6%,33.5%,33.8%,34.6%,28.8%,21.6%,19.4%,15.7%,13.1%,9.06%,4.65%,2.48%,-4.48%,-7.65%,-12.2%,-8.21%,-6.82%,-8.77%,-8.04%,-6.56%,-8.34%,-6.76%,-4.33%,-2.49%,-0.24%,1.43%,2.34%,2.62%,1.71%,2.99%,1.45%,2.52%,2.90%,3.97%,4.31%,4.52%,3.80%,1.86%,1.86%
167,"Reiniging, reparatie en verhuur van schoeisel (S)",2.47%,2.35%,2.24%,2.08%,2.06%,2.17%,2.17%,2.16%,1.90%,2.22%,1.94%,1.49%,1.94%,2.08%,2.07%,2.14%,2.00%,2.04%,2.26%,2.59%,2.78%,2.50%,2.55%,2.28%,1.99%,2.08%,2.11%,2.17%,2.18%,2.13%,2.16%,1.99%,1.95%,1.87%,1.61%,3.20%,3.15%,2.97%,2.70%,2.63%,2.63%,2.47%,2.28%,2.25%,2.11%,2.12%,2.39%,1.28%,1.46%,1.35%,1.37%,1.22%,1.17%,1.58%,1.54%,1.45%,1.47%,1.50%,1.02%,0.72%,0.57%,0.57%,0.57%,0.63%,1.31%,1.31%,1.47%,1.63%,2.43%,2.20%,2.49%,2.70%,3.36%,4.09%,4.77%,5.14%,4.61%,4.31%,4.19%,4.31%,4.46%,4.99%,5.78%,5.98%,5.88%,5.48%,5.33%,4.82%,5.77%,5.86%,6.34%,6.13%,5.27%,5.01%,5.57%,5.33%,5.06%,5.09%,4.74%,4.78%,3.97%,3.91%,3.62%,4.02%,4.13%,3.77%,2.68%,2.49%,2.76%,3.59%,3.52%,3.75%,4.33%,4.30%,4.02%,3.55%,3.38%,4.86%,5.17%,5.70%,5.70%
168,"Reisartikelen, babyartikelen en andere artikelen voor persoonlijk gebruik n.e.g. (SD)",2.27%,2.41%,2.41%,2.57%,2.53%,2.67%,2.61%,2.40%,2.11%,2.13%,1.97%,1.74%,1.61%,1.48%,1.31%,1.08%,1.20%,1.03%,1.10%,1.09%,1.01%,0.97%,0.91%,0.80%,0.94%,1.28%,1.52%,1.52%,1.40%,1.61%,1.70%,1.87%,2.21%,2.33%,2.25%,2.38%,2.50%,2.22%,2.20%,2.37%,2.37%,2.27%,1.94%,1.72%,1.30%,1.21%,1.12%,0.42%,0.78%,0.75%,0.94%,0.53%,0.22%,0.12%,-0.11%,0.20%,0.68%,-0.03%,0.06%,0.13%,-0.46%,-0.03%,-1.58%,-0.78%,0.42%,0.79%,1.02%,0.84%,1.05%,1.73%,1.89%,2.07%,2.24%,2.76%,3.91%,3.86%,2.81%,2.48%,2.26%,2.77%,2.34%,2.31%,3.40%,4.77%,5.12%,3.42%,3.76%,2.51%,2.94%,3.59%,5.73%,2.79%,5.21%,5.63%,4.72%,2.73%,2.72%,3.25%,2.39%,3.26%,3.47%,2.46%,0.77%,3.16%,0.63%,0.50%,0.23%,1.26%,0.91%,0.95%,1.76%,1.64%,1.13%,1.39%,1.42%,0.68%,0.75%,1.10%,1.09%,0.93%,0.93%
169,Reisverzekeringen (S),1.00%,0.42%,0.42%,1.78%,1.78%,1.78%,1.78%,1.78%,3.45%,3.45%,3.45%,3.45%,3.45%,3.45%,4.64%,3.24%,3.24%,3.24%,3.24%,3.24%,1.15%,2.19%,2.19%,2.19%,2.08%,2.08%,0.92%,0.92%,0.92%,0.92%,1.29%,1.29%,1.29%,1.20%,1.20%,1.20%,1.31%,5.94%,5.94%,5.94%,5.94%,5.94%,5.56%,5.56%,5.56%,5.14%,5.14%,5.14%,5.14%,0.54%,0.54%,0.54%,0.54%,0.54%,0.54%,1.22%,1.22%,0.68%,0.68%,0.68%,0.68%,0.68%,0.68%,0.68%,5.15%,5.15%,5.15%,4.44%,4.44%,4.44%,5.82%,5.82%,5.82%,5.82%,8.88%,8.88%,4.25%,4.25%,4.25%,4.51%,4.51%,4.51%,4.76%,4.76%,4.76%,4.76%,5.97%,5.97%,5.97%,5.97%,5.97%,8.92%,8.92%,8.92%,7.24%,7.24%,7.24%,7.24%,7.22%,7.22%,7.22%,7.22%,7.22%,6.00%,6.00%,6.00%,6.00%,9.27%,9.27%,9.27%,7.57%,7.57%,7.57%,7.57%,7.57%,7.94%,7.94%,7.94%,8.35%,5.11%,5.11%
170,Reparatie en verhuur van gereedschappen en werktuigen met of zonder motor (S),1.61%,1.00%,1.16%,1.05%,1.06%,0.73%,0.64%,1.06%,0.96%,1.46%,1.04%,2.59%,2.75%,2.81%,2.49%,2.91%,3.18%,3.63%,3.49%,3.32%,3.32%,2.83%,4.03%,2.39%,2.07%,2.14%,2.40%,1.90%,1.63%,1.35%,1.79%,1.56%,1.64%,1.59%,1.10%,1.28%,1.36%,1.66%,1.09%,1.19%,1.42%,1.22%,0.87%,0.91%,0.76%,1.00%,0.85%,0.77%,0.48%,0.12%,0.34%,0.34%,0.05%,0.05%,0.43%,0.41%,0.21%,0.34%,0.19%,0.43%,0.71%,0.77%,0.88%,0.90%,1.01%,1.10%,0.42%,0.62%,1.12%,0.95%,1.22%,1.45%,1.64%,3.46%,3.65%,3.93%,4.15%,3.98%,5.22%,5.42%,6.25%,6.06%,6.78%,6.63%,9.01%,8.03%,7.18%,6.97%,6.64%,6.95%,6.46%,6.07%,5.00%,5.01%,4.92%,5.37%,2.92%,2.32%,3.00%,3.36%,4.21%,4.22%,3.65%,3.60%,3.91%,4.00%,3.56%,3.82%,4.03%,4.65%,5.12%,4.81%,4.46%,5.15%,5.86%,5.63%,4.96%,4.95%,4.71%,4.35%,4.35%
171,Reparatie en verhuur van informatie- en communicatieapparatuur (S),2.01%,1.98%,1.87%,1.52%,1.52%,1.39%,1.67%,1.51%,1.81%,1.39%,1.38%,1.51%,1.30%,1.28%,1.47%,1.53%,1.63%,1.68%,1.50%,1.75%,1.45%,2.29%,2.29%,1.99%,1.90%,2.07%,1.98%,1.99%,1.91%,1.89%,1.88%,2.23%,2.94%,2.09%,2.17%,2.36%,2.37%,2.58%,2.39%,2.43%,2.33%,2.41%,2.34%,2.00%,1.29%,1.21%,1.14%,1.20%,1.31%,0.94%,0.92%,1.01%,1.13%,1.06%,1.04%,0.76%,0.82%,0.82%,1.00%,0.74%,0.98%,0.98%,0.98%,0.73%,0.69%,0.75%,0.92%,1.14%,1.61%,1.94%,2.03%,2.31%,1.96%,2.56%,2.94%,3.21%,3.26%,3.58%,3.77%,3.89%,3.43%,3.17%,3.05%,4.58%,4.99%,4.95%,4.79%,6.47%,6.74%,8.91%,9.08%,8.84%,10.7%,12.9%,12.7%,11.0%,10.5%,10.1%,10.1%,8.05%,7.78%,5.51%,5.82%,6.00%,4.14%,2.05%,2.13%,2.63%,3.33%,3.13%,2.97%,3.15%,3.09%,2.83%,1.90%,4.53%,4.57%,4.62%,6.16%,5.53%,5.53%
172,"Reparatie en verhuur van sieraden, klokken en horloges (S)",3.35%,4.00%,3.17%,2.61%,2.69%,2.78%,2.35%,2.17%,2.07%,2.21%,2.16%,1.70%,0.86%,0.39%,0.93%,0.94%,1.00%,1.03%,1.04%,1.07%,0.92%,0.78%,0.78%,1.18%,2.08%,2.69%,2.52%,2.56%,2.43%,2.29%,2.62%,2.65%,3.47%,3.47%,3.47%,3.15%,2.93%,2.43%,2.27%,2.37%,2.37%,2.37%,2.78%,2.89%,2.17%,2.24%,2.24%,2.05%,1.78%,1.67%,1.39%,1.26%,2.87%,2.87%,2.25%,2.10%,2.10%,2.03%,2.14%,2.05%,1.96%,1.96%,1.96%,3.29%,1.79%,2.32%,3.15%,3.42%,3.64%,3.87%,3.76%,4.57%,5.45%,5.76%,7.24%,6.51%,6.60%,6.47%,5.81%,5.93%,6.85%,6.96%,7.20%,8.02%,7.74%,7.70%,6.57%,6.46%,6.36%,6.55%,7.00%,6.87%,5.73%,5.47%,5.28%,3.74%,3.42%,4.11%,4.52%,4.76%,4.65%,4.14%,3.75%,5.96%,7.31%,7.25%,7.21%,7.14%,6.87%,6.90%,6.15%,5.32%,5.04%,5.16%,4.90%,2.50%,1.53%,1.61%,1.78%,1.78%,1.78%
173,"Reparatie, op maat maken en verhuur van kleding (S)",0.92%,0.53%,0.58%,0.58%,0.25%,0.25%,0.25%,0.10%,-0.03%,-0.03%,0.12%,0.18%,1.33%,1.37%,1.03%,1.03%,1.14%,1.14%,1.75%,1.64%,1.76%,1.69%,2.01%,1.91%,1.42%,2.17%,3.17%,3.17%,3.17%,3.17%,2.55%,2.96%,2.91%,3.18%,2.41%,2.47%,2.25%,2.34%,1.58%,1.58%,1.69%,1.69%,2.19%,1.70%,1.75%,1.55%,1.85%,1.62%,1.74%,0.90%,0.90%,0.90%,0.79%,0.79%,0.69%,1.35%,1.50%,1.50%,1.50%,1.97%,1.42%,1.68%,1.68%,2.07%,2.46%,2.46%,2.71%,2.47%,2.18%,2.18%,2.46%,2.46%,3.40%,3.47%,3.78%,4.39%,3.99%,4.16%,4.32%,5.44%,6.30%,6.69%,6.72%,6.83%,5.95%,6.87%,7.19%,7.25%,7.87%,7.95%,7.20%,5.81%,5.44%,5.06%,5.36%,5.32%,6.52%,6.10%,5.83%,4.97%,4.38%,4.18%,4.43%,4.44%,4.23%,4.49%,4.50%,4.14%,3.67%,3.19%,3.54%,3.98%,4.39%,4.69%,4.58%,4.49%,4.41%,4.15%,3.98%,4.70%,4.70%
175,"Restaurants, cafés en dergelijke – met beperkte bediening (S)",2.08%,2.13%,2.05%,1.97%,1.99%,1.90%,1.96%,1.77%,2.02%,1.97%,2.00%,1.93%,1.81%,1.83%,1.76%,1.80%,1.70%,1.76%,1.80%,1.98%,1.85%,1.64%,1.34%,1.36%,1.42%,1.36%,1.33%,1.41%,1.48%,1.59%,1.46%,1.34%,1.72%,1.81%,2.06%,1.99%,1.90%,1.84%,2.14%,2.12%,2.11%,2.10%,2.20%,2.32%,2.03%,2.08%,1.92%,1.95%,1.87%,1.80%,1.41%,1.37%,1.77%,1.92%,2.15%,2.27%,2.18%,2.16%,2.05%,2.10%,2.06%,2.08%,2.45%,2.91%,3.30%,3.46%,3.30%,3.51%,3.76%,4.05%,4.60%,4.66%,5.59%,6.39%,7.29%,7.71%,7.45%,7.87%,8.57%,9.17%,10.1%,10.6%,11.3%,12.1%,12.3%,12.1%,15.3%,14.6%,14.2%,13.5%,12.9%,12.2%,11.5%,11.1%,10.1%,9.21%,7.92%,8.20%,4.40%,4.40%,4.39%,4.38%,4.34%,4.26%,4.02%,4.08%,4.47%,4.54%,5.19%,4.83%,4.79%,4.68%,4.91%,5.01%,4.81%,4.78%,4.97%,4.74%,4.72%,4.86%,4.86%
176,"Restaurants, cafés en dergelijke – met volledige bediening (S)",3.45%,3.56%,3.48%,3.38%,3.47%,3.49%,3.51%,3.39%,3.34%,3.45%,3.39%,3.04%,2.51%,2.43%,2.52%,2.55%,2.59%,2.59%,2.64%,2.52%,2.52%,2.40%,2.25%,2.32%,2.05%,2.09%,2.02%,2.04%,1.90%,1.85%,1.79%,1.91%,2.16%,2.15%,2.13%,2.00%,2.08%,2.07%,2.20%,2.07%,2.17%,2.16%,2.19%,2.50%,2.21%,2.28%,2.53%,2.51%,2.53%,2.35%,2.09%,2.07%,2.69%,3.34%,3.35%,2.84%,2.69%,2.57%,2.15%,2.00%,1.85%,1.86%,2.56%,3.53%,3.07%,2.50%,2.51%,3.20%,3.34%,3.48%,3.84%,4.07%,4.48%,4.74%,4.87%,4.33%,4.41%,4.41%,5.02%,5.01%,5.84%,6.29%,6.79%,6.90%,7.25%,7.58%,7.24%,7.33%,7.66%,7.83%,7.22%,6.71%,6.21%,5.85%,5.53%,5.37%,5.00%,5.05%,5.10%,4.98%,4.67%,4.66%,4.75%,4.93%,4.70%,4.81%,4.79%,4.94%,4.89%,4.53%,4.19%,4.08%,4.16%,4.07%,4.10%,4.23%,4.09%,3.89%,3.58%,3.53%,3.53%
177,Rietsuiker en bietsuiker (ND),-0.84%,-0.78%,0.48%,0.54%,-0.02%,-0.31%,-0.21%,0.10%,1.37%,1.43%,3.08%,2.06%,1.04%,0.99%,1.16%,1.78%,2.08%,2.21%,2.44%,-0.53%,0.86%,1.76%,0.28%,1.14%,1.00%,1.08%,1.35%,0.03%,0.05%,-0.08%,0.05%,2.62%,0.36%,-0.02%,0.50%,-0.18%,-0.99%,-1.31%,-1.51%,-0.87%,-1.17%,-1.51%,-0.76%,0.69%,2.43%,2.27%,2.20%,2.89%,4.53%,3.78%,4.27%,4.95%,4.11%,4.30%,4.07%,1.98%,1.03%,0.00%,0.28%,-1.57%,-3.36%,-2.76%,-3.67%,-3.47%,-2.77%,-3.22%,-3.29%,-2.45%,-2.68%,-0.47%,-1.26%,3.89%,5.48%,6.15%,7.56%,7.86%,9.71%,9.61%,9.22%,16.7%,21.4%,18.2%,22.8%,27.5%,27.2%,32.0%,29.1%,29.2%,30.0%,29.5%,29.7%,19.8%,14.6%,14.9%,13.7%,8.60%,8.32%,0.52%,2.55%,1.22%,-1.85%,0.16%,-0.97%,-3.84%,-4.75%,-3.61%,-3.39%,-5.30%,-5.82%,-6.45%,-6.40%,-5.15%,-5.37%,-5.04%,-4.70%,-0.67%,-0.04%,-0.14%,-2.42%,-3.21%,-3.21%
178,"Rijlessen, rijexamens, rijbewijzen en technische keuringen (S)",0.68%,0.69%,0.67%,0.67%,0.17%,2.71%,2.70%,2.71%,2.71%,2.72%,2.73%,2.56%,2.57%,2.57%,2.57%,2.57%,3.59%,1.03%,1.04%,1.04%,1.04%,1.04%,1.10%,1.14%,1.14%,1.57%,1.59%,1.62%,3.21%,3.20%,3.19%,3.20%,3.21%,3.21%,3.16%,3.92%,3.93%,3.52%,3.51%,3.78%,2.81%,2.85%,2.85%,2.86%,2.84%,2.84%,2.84%,2.04%,2.04%,2.01%,2.02%,1.87%,0.89%,0.90%,0.90%,1.04%,1.04%,1.04%,1.02%,1.20%,1.21%,1.22%,1.20%,1.06%,1.21%,1.17%,1.20%,1.09%,1.15%,1.18%,2.01%,1.84%,1.88%,1.95%,2.01%,2.01%,7.55%,7.61%,7.63%,7.63%,7.64%,7.66%,8.69%,8.82%,8.86%,8.82%,8.80%,8.86%,6.33%,6.30%,6.26%,6.28%,6.24%,6.20%,4.46%,4.32%,4.25%,4.24%,4.20%,4.15%,2.43%,2.41%,2.46%,2.42%,2.41%,2.40%,2.87%,2.88%,2.87%,2.86%,2.85%,2.85%,1.58%,1.58%,1.52%,1.50%,1.49%,1.50%,1.47%,1.48%,1.48%
179,Riolering via rioolstelsels (S),0.66%,0.66%,0.66%,0.66%,0.66%,0.66%,0.66%,0.66%,0.66%,0.66%,1.08%,0.57%,0.62%,0.62%,0.62%,0.62%,4.95%,4.95%,4.95%,4.95%,4.95%,4.95%,4.89%,5.10%,5.10%,5.10%,5.10%,5.10%,0.77%,0.77%,0.77%,0.77%,0.77%,0.77%,1.21%,1.01%,1.01%,1.01%,1.01%,1.12%,1.12%,1.12%,1.12%,1.12%,1.12%,1.12%,1.56%,1.54%,1.54%,1.54%,1.54%,1.49%,1.49%,1.49%,1.49%,1.49%,1.49%,1.49%,0.72%,0.73%,0.73%,0.73%,0.73%,0.74%,0.74%,0.74%,0.74%,0.74%,0.74%,0.74%,9.91%,10.4%,10.4%,10.4%,10.4%,10.4%,10.4%,10.4%,10.4%,10.4%,10.4%,10.4%,2.90%,6.56%,6.56%,6.56%,6.66%,6.66%,6.66%,6.66%,6.66%,6.66%,6.66%,6.66%,6.02%,2.84%,2.84%,2.84%,2.77%,2.77%,2.77%,2.77%,2.77%,2.77%,2.77%,2.77%,11.5%,13.4%,13.4%,13.4%,14.0%,14.0%,14.0%,14.0%,14.0%,14.0%,14.0%,14.0%,8.08%,6.89%,6.89%
180,Schoonheidsbehandelingen (S),1.86%,2.57%,2.25%,2.02%,2.06%,2.13%,2.42%,2.47%,2.16%,2.70%,2.53%,2.29%,2.49%,1.89%,2.14%,2.42%,2.35%,2.54%,2.16%,2.34%,2.64%,1.92%,2.17%,2.35%,2.00%,2.16%,2.23%,2.19%,2.43%,2.25%,2.33%,2.27%,2.18%,2.42%,2.16%,2.23%,2.24%,2.10%,2.07%,1.89%,1.85%,2.02%,2.20%,2.17%,1.96%,1.87%,2.54%,2.59%,2.73%,2.58%,2.51%,2.98%,2.79%,2.75%,2.73%,2.78%,2.78%,2.66%,2.01%,1.87%,2.32%,2.32%,2.33%,2.06%,2.63%,2.73%,3.08%,3.42%,3.66%,3.83%,4.78%,5.05%,4.80%,5.35%,6.06%,6.29%,6.36%,6.21%,5.77%,5.75%,6.58%,6.63%,6.19%,6.35%,6.46%,6.58%,6.32%,6.11%,5.91%,6.00%,6.50%,6.53%,5.99%,6.21%,6.18%,5.72%,5.36%,4.90%,5.14%,5.39%,5.58%,5.41%,5.26%,4.55%,4.21%,4.09%,3.89%,4.02%,4.18%,4.11%,3.45%,3.18%,2.76%,3.09%,3.10%,3.30%,3.21%,2.92%,2.80%,2.49%,2.49%
181,Schoonmaakapparaten (D),-0.40%,-0.44%,-0.41%,-0.25%,-0.26%,0.19%,0.24%,-0.38%,-0.31%,-0.90%,-0.63%,-1.60%,-1.09%,-0.97%,-0.83%,-1.32%,-2.21%,-2.35%,-1.75%,-1.02%,-0.79%,-0.63%,-0.03%,0.05%,-0.03%,-0.18%,-0.43%,-0.03%,0.60%,-0.06%,-0.04%,0.03%,-0.22%,-0.11%,-1.06%,-0.62%,-0.11%,0.66%,0.76%,0.65%,0.64%,1.11%,0.73%,0.98%,1.29%,1.57%,2.30%,3.11%,2.78%,1.64%,1.67%,1.42%,1.49%,1.52%,1.19%,1.07%,0.34%,0.80%,0.83%,0.45%,0.27%,0.45%,0.89%,1.02%,0.80%,1.56%,1.89%,2.06%,2.86%,2.14%,2.14%,2.93%,3.75%,4.74%,4.97%,5.39%,5.39%,5.78%,5.60%,6.26%,6.77%,7.21%,7.21%,8.90%,8.58%,8.17%,7.51%,7.69%,7.69%,6.41%,6.53%,5.70%,4.66%,4.56%,4.56%,0.86%,-0.64%,-0.93%,-1.55%,-1.34%,-1.34%,-0.99%,-0.47%,-0.16%,-0.18%,-0.90%,-0.90%,1.02%,2.77%,3.46%,3.76%,3.42%,3.42%,2.93%,2.52%,1.30%,0.83%,1.14%,1.14%,-0.08%,-0.08%
182,Schrijfwaren en tekenartikelen (ND),1.71%,1.70%,1.56%,1.12%,1.43%,1.24%,1.23%,0.72%,0.95%,1.04%,-0.92%,0.62%,0.66%,0.45%,0.45%,0.62%,-0.72%,-2.29%,-1.90%,-0.23%,-0.33%,-0.33%,0.56%,1.18%,0.85%,1.14%,1.07%,0.27%,2.16%,4.14%,2.68%,1.98%,2.32%,1.87%,0.94%,1.49%,1.73%,1.33%,1.22%,1.93%,1.48%,0.09%,0.17%,0.77%,-0.36%,1.38%,0.87%,0.41%,0.75%,1.43%,1.96%,0.69%,1.50%,1.30%,1.64%,1.59%,1.73%,1.24%,2.04%,1.46%,0.77%,1.23%,0.56%,0.74%,0.64%,0.22%,0.46%,1.24%,1.00%,1.77%,2.11%,2.77%,3.54%,5.45%,5.98%,6.95%,7.94%,8.52%,8.49%,8.60%,9.33%,10.1%,10.2%,13.3%,13.5%,11.9%,11.7%,12.0%,11.9%,11.3%,10.3%,11.4%,9.22%,8.29%,7.26%,5.29%,3.70%,3.81%,2.77%,5.07%,4.88%,2.17%,3.73%,2.74%,3.02%,2.46%,4.78%,3.49%,3.63%,0.94%,1.32%,-0.21%,-2.90%,-3.14%,-1.07%,-2.36%,-0.74%,-2.26%,-7.77%,-8.17%,-8.17%
183,Sieraden en horloges (D),3.31%,3.14%,2.31%,1.33%,1.33%,1.81%,2.30%,2.92%,3.52%,3.83%,4.31%,4.98%,5.05%,4.70%,4.54%,4.37%,4.17%,3.79%,2.81%,1.99%,1.89%,1.58%,1.16%,0.94%,0.26%,-0.36%,-0.42%,-0.59%,-0.74%,-0.88%,-0.44%,-0.27%,-0.14%,-0.05%,-0.12%,-0.04%,0.90%,1.86%,2.19%,2.57%,2.57%,2.64%,3.53%,4.31%,4.30%,4.87%,4.87%,5.58%,6.73%,6.31%,5.86%,5.60%,10.8%,10.7%,9.84%,8.97%,8.46%,7.75%,7.75%,7.01%,5.53%,5.57%,5.63%,6.46%,1.45%,1.74%,2.00%,2.66%,3.19%,3.85%,3.85%,5.27%,6.28%,7.00%,7.38%,7.80%,7.80%,7.98%,8.19%,8.31%,9.50%,9.55%,9.55%,8.28%,8.06%,7.73%,7.45%,7.01%,7.01%,6.82%,7.01%,6.76%,5.47%,4.89%,4.89%,4.92%,4.25%,4.99%,5.50%,6.15%,6.15%,7.31%,6.87%,8.28%,13.0%,13.2%,13.2%,12.6%,13.4%,13.3%,13.2%,12.0%,12.0%,10.6%,11.0%,11.4%,7.83%,10.7%,10.7%,13.6%,13.6%
184,Sigaretten (ND),4.22%,3.94%,4.05%,3.99%,4.15%,4.12%,4.18%,4.35%,4.31%,4.47%,4.93%,4.03%,4.13%,4.03%,3.83%,4.11%,4.07%,3.92%,4.05%,4.07%,4.10%,3.96%,3.56%,4.07%,3.75%,3.91%,4.05%,3.87%,3.74%,3.94%,3.84%,3.70%,3.68%,3.81%,3.82%,3.15%,3.15%,3.10%,3.22%,3.22%,3.30%,3.13%,3.04%,2.98%,3.00%,2.93%,2.90%,2.38%,2.05%,2.07%,1.69%,1.67%,1.62%,1.69%,1.60%,1.72%,1.68%,1.92%,1.42%,3.26%,5.41%,6.72%,7.10%,7.29%,8.06%,8.13%,7.90%,8.56%,8.74%,8.98%,8.92%,4.75%,3.43%,3.22%,3.27%,4.30%,4.71%,5.33%,5.89%,5.75%,5.58%,5.38%,5.47%,6.41%,5.87%,5.62%,5.48%,4.65%,4.76%,6.16%,7.58%,7.46%,8.70%,8.64%,8.41%,10.8%,10.8%,11.3%,12.9%,13.9%,18.1%,23.8%,27.6%,29.1%,28.2%,28.1%,27.4%,28.7%,27.2%,25.1%,24.4%,23.3%,17.6%,9.84%,4.98%,3.42%,3.13%,3.42%,4.62%,2.99%,2.99%
185,Smeermiddelen (ND),1.88%,2.15%,2.47%,2.34%,2.01%,2.00%,1.99%,1.42%,1.37%,1.58%,1.43%,1.06%,0.94%,1.07%,0.88%,0.92%,1.24%,1.04%,0.72%,1.11%,0.97%,0.49%,0.31%,0.09%,0.54%,0.56%,0.62%,0.70%,0.70%,0.90%,1.19%,1.61%,1.52%,1.92%,1.73%,1.86%,1.49%,1.05%,1.00%,0.73%,0.73%,0.63%,0.70%,0.84%,1.17%,0.61%,0.71%,0.78%,0.92%,0.71%,0.61%,0.56%,0.38%,0.41%,0.38%,-0.12%,-0.44%,-0.13%,-0.19%,0.31%,0.24%,0.91%,0.91%,1.09%,0.98%,1.04%,0.64%,0.85%,1.09%,1.25%,1.74%,0.60%,2.63%,6.68%,8.09%,9.10%,9.53%,9.53%,11.7%,13.3%,14.1%,15.0%,15.0%,15.9%,15.9%,12.5%,12.5%,11.9%,12.0%,12.1%,10.5%,7.74%,6.66%,5.60%,4.45%,2.98%,-0.01%,-1.07%,-1.88%,-2.57%,-2.21%,-2.32%,-2.22%,0.01%,0.85%,0.80%,1.55%,2.64%,3.51%,3.48%,2.85%,3.60%,3.43%,3.90%,3.68%,2.28%,1.77%,1.93%,1.99%,2.31%,2.31%
186,"Software, met uitzondering van spellen (S)",-0.50%,2.00%,1.76%,1.18%,3.00%,1.09%,0.02%,2.76%,1.08%,-2.45%,-0.08%,1.01%,1.30%,2.07%,1.47%,2.23%,-2.46%,-3.13%,-5.93%,-7.83%,-10.5%,-7.43%,-6.45%,-8.55%,-7.02%,-7.60%,-7.63%,-5.28%,-3.76%,-7.05%,-1.98%,-5.69%,2.22%,-0.04%,-3.63%,-0.05%,-2.00%,-0.58%,2.68%,0.40%,0.72%,5.63%,5.76%,9.35%,7.74%,9.63%,10.8%,10.7%,18.7%,17.4%,14.1%,14.8%,6.17%,6.14%,6.60%,6.55%,2.26%,-0.45%,1.41%,-0.44%,-7.74%,-12.3%,-13.6%,-11.5%,-3.80%,-4.42%,-9.70%,-7.53%,-8.67%,-8.19%,-8.77%,-14.8%,-10.6%,-7.90%,-5.17%,-10.1%,-6.20%,-3.07%,0.74%,-0.34%,-3.09%,-2.52%,-3.08%,7.38%,-0.26%,0.34%,6.18%,15.0%,12.0%,7.63%,2.79%,-0.31%,3.33%,3.68%,-1.82%,0.59%,5.20%,8.21%,9.56%,1.88%,-1.21%,2.17%,5.10%,6.33%,3.92%,5.15%,11.3%,5.35%,6.56%,1.44%,-1.09%,-0.61%,2.42%,0.84%,2.80%,4.26%,8.06%,5.86%,4.78%,2.96%,2.96%
187,"Specerijen, keukenkruiden en zaden (ND)",2.06%,1.31%,0.42%,2.55%,3.48%,3.28%,3.07%,3.69%,1.83%,1.93%,2.94%,2.23%,2.34%,2.40%,3.27%,0.94%,0.56%,-1.36%,-0.05%,-1.52%,0.16%,-2.33%,-0.24%,-0.92%,-3.37%,-1.71%,0.62%,0.83%,-0.19%,0.14%,0.89%,1.51%,0.43%,1.77%,2.50%,1.93%,3.95%,2.35%,0.69%,0.37%,2.56%,4.20%,1.17%,1.39%,1.21%,2.54%,0.70%,1.07%,0.79%,1.71%,1.92%,0.28%,0.14%,0.35%,-0.30%,-0.51%,-0.47%,-0.46%,-1.81%,-1.84%,-2.55%,-1.56%,-2.91%,-1.25%,-1.52%,-0.99%,-1.92%,-0.93%,-0.36%,1.28%,1.06%,2.39%,2.69%,2.64%,4.83%,5.71%,5.76%,6.00%,7.15%,8.38%,7.74%,11.6%,14.5%,14.7%,16.6%,14.9%,17.0%,15.1%,14.2%,13.7%,12.0%,11.8%,10.7%,8.34%,10.4%,8.62%,6.96%,4.88%,4.53%,5.42%,5.62%,4.28%,7.68%,3.60%,4.66%,2.62%,1.34%,2.40%,3.54%,2.46%,0.54%,2.11%,0.38%,1.20%,0.70%,2.84%,3.22%,1.67%,1.70%,0.27%,0.27%
188,"Spelcomputers, spelconsoles, speltoepassingen en -software (SD)",-0.10%,0.27%,-1.00%,-1.22%,0.06%,1.50%,-1.29%,0.08%,0.97%,-0.11%,0.10%,-0.86%,-0.85%,0.55%,-0.27%,2.82%,1.81%,-0.12%,0.40%,-0.82%,-3.66%,-2.12%,-0.76%,-0.93%,-1.61%,-1.56%,-1.32%,-3.85%,-4.19%,-1.09%,0.69%,1.35%,3.02%,0.28%,1.26%,-0.14%,0.83%,-2.44%,0.05%,-0.80%,-0.42%,0.15%,-0.60%,-2.01%,-0.53%,-3.50%,-1.84%,0.78%,2.62%,6.83%,5.37%,4.21%,2.59%,0.57%,0.42%,0.43%,1.45%,6.92%,2.27%,3.12%,0.01%,-1.90%,-2.93%,-3.18%,-0.87%,-1.75%,-1.77%,0.06%,-1.75%,-3.25%,-3.83%,-4.70%,-5.82%,-3.33%,-4.37%,-0.43%,-2.68%,-4.98%,-2.54%,-1.61%,-4.11%,-3.70%,-3.40%,-2.24%,-0.85%,-5.53%,0.19%,-2.76%,-6.05%,-1.84%,-8.28%,-2.43%,0.61%,7.72%,9.61%,6.27%,6.11%,5.30%,2.37%,-0.55%,7.55%,9.34%,12.7%,4.26%,6.29%,-0.82%,1.98%,0.07%,2.30%,5.11%,4.26%,11.5%,9.99%,5.95%,8.77%,5.46%,5.67%,2.83%,-0.11%,3.39%,3.39%
189,Sportartikelen (SD),0.09%,0.36%,0.28%,0.57%,0.82%,0.38%,0.43%,-0.05%,0.07%,0.13%,0.21%,0.38%,-0.05%,-0.76%,-0.71%,-0.88%,-1.23%,-1.24%,-0.86%,-0.29%,-0.24%,-0.48%,-0.17%,-0.57%,-0.48%,0.40%,0.48%,-0.02%,0.27%,0.46%,0.02%,-0.11%,0.05%,0.22%,-0.10%,-0.07%,0.35%,0.07%,-0.05%,0.24%,0.16%,0.46%,0.80%,0.98%,0.83%,0.85%,0.83%,0.90%,0.74%,0.68%,0.59%,0.60%,0.58%,0.44%,0.03%,0.13%,0.11%,-0.13%,-0.13%,-0.01%,-0.08%,-0.11%,0.21%,0.09%,-0.08%,0.49%,0.71%,0.75%,0.50%,0.46%,0.52%,0.80%,2.26%,2.87%,3.08%,3.06%,3.36%,3.08%,3.31%,3.86%,4.17%,4.46%,4.98%,5.69%,4.63%,4.44%,4.11%,4.68%,4.75%,4.69%,4.71%,4.09%,4.14%,3.98%,3.45%,2.22%,2.45%,2.54%,3.27%,3.57%,3.54%,3.26%,3.02%,2.47%,2.61%,2.34%,2.38%,2.48%,2.15%,1.90%,1.28%,0.44%,0.37%,0.63%,0.34%,1.26%,0.88%,0.93%,0.84%,-0.81%,-0.81%
191,"Steenvruchten en pitvruchten, vers (ND)",19.6%,7.08%,3.42%,0.56%,5.25%,9.16%,7.46%,6.00%,5.01%,1.28%,1.23%,1.59%,-5.74%,-7.53%,-11.6%,-14.7%,-7.22%,-7.17%,-8.45%,-5.27%,0.68%,3.71%,3.66%,5.09%,2.33%,4.08%,11.7%,11.8%,3.19%,1.64%,13.8%,9.06%,3.23%,-0.46%,-0.17%,-2.71%,-1.04%,-2.10%,-2.88%,-2.29%,3.08%,4.19%,-5.22%,-6.38%,-2.14%,0.52%,2.82%,4.84%,4.64%,11.8%,13.1%,15.8%,16.0%,10.7%,12.7%,8.82%,3.14%,-1.33%,-2.99%,-5.64%,-6.87%,-5.33%,-7.22%,-7.69%,-7.46%,-5.47%,-8.36%,-6.12%,-4.80%,-2.67%,-0.24%,4.39%,5.03%,0.72%,1.13%,2.32%,4.68%,3.57%,4.55%,9.50%,12.8%,7.61%,11.1%,9.36%,9.30%,14.6%,14.4%,16.7%,14.0%,12.4%,8.30%,7.93%,11.0%,10.3%,4.28%,2.08%,3.26%,-7.86%,-1.87%,-8.03%,-7.11%,-2.84%,1.58%,-2.69%,-4.08%,0.65%,-0.09%,0.10%,-3.24%,-0.41%,-5.14%,0.55%,-1.07%,-2.04%,-2.33%,-1.55%,-2.42%,-0.93%,8.10%,4.32%,4.32%
192,"Stoffering, losse tapijten en vloerkleden (D)",2.43%,2.45%,2.40%,2.54%,2.38%,2.88%,2.65%,2.19%,2.31%,2.36%,2.15%,2.45%,1.84%,2.05%,2.08%,1.94%,2.05%,1.79%,2.17%,2.47%,2.46%,2.33%,2.70%,3.45%,4.05%,3.84%,3.97%,4.39%,4.23%,3.98%,3.94%,3.82%,3.99%,4.05%,3.49%,3.78%,2.91%,3.22%,3.63%,3.11%,3.11%,3.38%,2.88%,3.32%,3.53%,3.72%,3.72%,2.91%,3.05%,2.49%,1.82%,1.75%,1.75%,1.45%,2.04%,1.40%,0.47%,0.76%,0.76%,0.18%,0.12%,0.17%,0.32%,0.79%,0.79%,2.42%,1.81%,2.31%,2.59%,2.54%,2.54%,2.66%,3.47%,3.58%,4.55%,4.71%,4.71%,4.26%,5.73%,7.32%,8.47%,8.50%,8.50%,8.71%,9.60%,10.3%,10.6%,11.8%,11.8%,11.5%,11.1%,9.68%,8.83%,8.69%,8.69%,9.04%,6.78%,6.60%,5.38%,4.12%,4.12%,4.01%,3.47%,3.05%,2.01%,2.51%,2.51%,1.95%,1.86%,0.90%,0.27%,0.25%,0.25%,-0.35%,-0.51%,-0.16%,0.81%,0.07%,-0.67%,0.63%,0.63%
193,Studiebegeleiding (S),.,.,.,.,.,.,.,.,.,.,.,.,.,.,.,.,.,.,.,.,.,.,.,.,.,.,.,.,.,.,.,.,.,0.00%,0.00%,0.00%,0.00%,0.00%,0.00%,0.00%,0.00%,0.00%,0.00%,0.23%,0.23%,0.23%,0.23%,0.23%,0.23%,0.23%,0.23%,0.23%,0.23%,0.23%,0.23%,0.68%,0.68%,0.68%,0.68%,0.68%,0.68%,0.68%,0.68%,0.68%,0.68%,0.68%,0.68%,0.59%,0.59%,0.59%,0.59%,0.59%,0.59%,0.59%,0.59%,0.59%,0.59%,0.59%,0.59%,0.52%,0.52%,0.52%,0.52%,0.52%,0.52%,0.52%,0.52%,0.52%,0.52%,0.52%,0.52%,0.84%,0.84%,0.84%,0.84%,0.84%,0.84%,0.84%,0.84%,0.84%,0.84%,0.84%,0.84%,2.12%,2.12%,2.12%,2.12%,2.12%,2.12%,2.12%,2.12%,2.12%,2.12%,2.12%,2.12%,1.22%,1.22%,1.22%,1.22%,1.22%,1.22%
194,Tafel- en toiletlinnen (SD),-0.79%,-0.60%,-0.69%,-0.69%,0.13%,0.24%,0.15%,0.81%,1.19%,0.72%,-0.06%,0.14%,-0.30%,-0.71%,-0.92%,-1.06%,-1.67%,-0.97%,-0.84%,-1.51%,-1.86%,-1.56%,-0.98%,-0.94%,-0.42%,-0.25%,0.00%,0.32%,-0.00%,-0.86%,-0.89%,-0.49%,-0.31%,-0.20%,0.19%,0.35%,0.43%,0.58%,0.31%,0.04%,0.60%,0.83%,0.76%,0.70%,0.92%,0.51%,-0.62%,-0.26%,-0.38%,-0.38%,-0.05%,0.12%,-0.29%,-0.34%,0.31%,0.33%,0.19%,0.45%,0.99%,0.93%,0.57%,0.38%,0.52%,0.46%,0.82%,1.11%,0.47%,0.63%,0.23%,0.57%,0.57%,0.58%,2.13%,3.13%,3.54%,3.96%,3.96%,4.45%,4.95%,5.52%,6.73%,6.98%,6.98%,7.41%,6.26%,5.75%,5.47%,5.55%,5.55%,5.14%,5.08%,4.96%,4.17%,3.52%,3.52%,3.36%,3.13%,2.36%,1.73%,2.15%,2.15%,2.44%,1.94%,1.37%,1.77%,2.16%,2.16%,2.22%,2.49%,3.24%,3.43%,2.23%,2.23%,0.98%,1.29%,1.18%,0.74%,0.91%,0.92%,0.41%,0.41%
195,Tertiair onderwijs (S),28.8%,28.8%,28.8%,28.8%,28.8%,28.8%,28.8%,0.00%,0.00%,0.00%,0.00%,0.00%,0.00%,0.00%,0.00%,0.00%,0.00%,0.00%,0.00%,1.66%,1.66%,1.66%,1.66%,1.66%,1.66%,1.66%,1.66%,1.66%,1.66%,1.66%,1.66%,1.42%,1.42%,1.42%,1.42%,1.42%,1.42%,1.42%,1.42%,1.42%,1.42%,1.42%,1.42%,1.57%,1.57%,1.57%,1.66%,1.66%,1.57%,1.57%,1.57%,1.57%,1.57%,1.57%,1.57%,0.58%,0.58%,0.58%,0.50%,0.50%,0.58%,0.58%,0.58%,0.58%,0.58%,0.58%,0.58%,1.02%,1.02%,1.02%,1.02%,1.02%,1.02%,1.02%,1.02%,1.02%,1.02%,1.02%,1.02%,1.61%,1.61%,1.61%,1.61%,1.61%,1.61%,1.61%,1.61%,1.61%,1.61%,1.61%,1.61%,7.88%,7.88%,7.88%,7.88%,7.88%,7.88%,7.88%,7.88%,7.88%,7.88%,7.88%,7.88%,1.56%,1.56%,1.56%,1.56%,1.56%,1.56%,1.56%,1.56%,1.56%,1.56%,1.56%,1.56%,2.50%,2.50%,2.50%,2.50%,2.50%,2.50%
196,"Thee, maté en andere plantaardige producten voor het maken van kruidenthee (ND)",12.3%,5.83%,6.02%,4.26%,2.67%,3.08%,2.75%,3.28%,2.30%,3.79%,-1.97%,0.61%,0.51%,0.87%,1.21%,1.40%,2.79%,2.01%,2.99%,0.99%,1.04%,0.72%,9.67%,6.21%,4.75%,5.78%,4.21%,6.67%,5.31%,7.10%,3.76%,5.13%,4.89%,2.22%,0.40%,1.88%,-0.65%,0.78%,1.51%,-0.43%,0.67%,-0.76%,0.70%,0.45%,0.76%,-0.36%,4.06%,-1.50%,3.33%,4.52%,2.11%,2.92%,1.68%,5.47%,4.69%,2.09%,2.51%,0.74%,4.33%,3.42%,2.26%,-0.70%,-1.96%,-1.07%,1.73%,0.22%,-0.62%,1.74%,0.82%,1.73%,3.53%,4.31%,1.24%,1.44%,7.02%,6.80%,6.47%,3.98%,9.06%,10.3%,11.4%,10.6%,15.6%,8.88%,16.7%,15.4%,12.9%,13.6%,9.16%,13.0%,11.3%,-1.65%,10.4%,8.26%,-6.37%,2.98%,-4.21%,-1.39%,-4.14%,-3.38%,-1.14%,-3.47%,-7.70%,3.80%,-6.10%,-0.86%,0.24%,0.24%,5.11%,0.80%,2.77%,-1.13%,1.55%,1.21%,2.54%,2.35%,-0.07%,3.63%,0.57%,5.52%,5.52%
197,Thuiszorg voor ouderen en gehandicapten (S),1.37%,1.32%,1.23%,1.41%,1.32%,1.41%,1.36%,1.31%,1.36%,1.44%,1.47%,1.55%,1.53%,1.47%,1.52%,1.61%,1.72%,1.67%,1.69%,1.65%,1.62%,1.63%,1.63%,1.72%,1.71%,1.83%,1.77%,1.54%,1.74%,1.85%,1.84%,2.14%,2.21%,2.14%,2.08%,1.98%,1.98%,2.06%,2.12%,2.10%,1.83%,1.73%,1.82%,1.71%,1.73%,1.96%,2.08%,2.04%,2.07%,1.93%,1.96%,1.84%,2.01%,2.05%,2.15%,1.92%,1.83%,1.67%,1.20%,1.21%,1.39%,1.25%,1.18%,1.28%,1.17%,1.14%,0.94%,1.27%,1.41%,1.35%,2.29%,2.43%,2.21%,2.46%,2.74%,3.69%,4.25%,4.75%,5.17%,5.46%,5.58%,6.40%,6.67%,7.26%,7.99%,7.86%,7.82%,7.19%,7.57%,7.43%,7.72%,7.62%,7.70%,7.44%,6.48%,5.98%,5.46%,5.48%,5.11%,4.86%,4.19%,4.35%,3.70%,3.47%,2.95%,2.75%,2.93%,2.95%,2.90%,2.96%,3.11%,3.35%,3.77%,3.61%,3.84%,3.56%,3.94%,3.64%,3.80%,3.53%,3.53%
198,Tijdschriften (ND),3.08%,3.08%,3.08%,1.95%,1.95%,2.88%,2.88%,2.58%,2.58%,2.58%,2.43%,2.43%,1.15%,1.15%,1.15%,1.15%,1.15%,0.47%,0.47%,0.47%,0.47%,0.95%,1.64%,1.64%,1.64%,2.21%,2.21%,2.69%,2.69%,2.45%,5.58%,5.58%,5.86%,5.60%,4.63%,4.94%,6.38%,5.80%,7.23%,6.72%,6.72%,6.57%,3.42%,4.17%,3.89%,3.67%,3.67%,4.94%,3.51%,3.51%,2.14%,2.14%,2.14%,2.91%,2.91%,2.17%,2.17%,2.14%,2.14%,0.62%,0.62%,0.62%,0.62%,2.86%,2.86%,2.22%,2.22%,2.86%,2.86%,3.85%,3.85%,3.85%,3.85%,8.35%,8.35%,6.00%,6.00%,6.03%,6.03%,5.38%,5.38%,6.83%,6.83%,6.83%,6.83%,3.72%,5.69%,5.69%,5.69%,5.66%,7.70%,7.70%,7.70%,5.21%,9.62%,9.62%,9.62%,8.22%,6.55%,6.55%,6.55%,6.55%,4.54%,4.54%,4.54%,4.54%,5.29%,5.29%,5.29%,5.29%,4.94%,5.90%,5.90%,7.29%,7.29%,7.29%,7.29%,7.29%,2.24%,4.97%,4.97%
200,Tuin- en kampeermeubelen (D),0.08%,0.28%,0.63%,1.17%,0.50%,-0.11%,0.14%,0.30%,0.40%,0.17%,0.31%,-0.06%,-0.54%,-0.37%,-1.20%,-1.32%,-0.87%,-0.08%,-0.88%,-0.01%,-0.13%,-0.03%,0.01%,0.67%,0.98%,1.25%,1.90%,2.11%,1.99%,1.53%,2.41%,1.57%,1.33%,1.29%,1.21%,0.76%,-0.06%,-0.07%,0.88%,0.73%,0.73%,0.76%,0.43%,0.53%,0.64%,0.64%,0.64%,0.20%,1.01%,0.51%,-0.56%,-0.36%,-0.22%,-0.06%,0.05%,0.32%,0.79%,1.31%,1.31%,1.81%,2.12%,1.91%,2.12%,2.05%,1.92%,2.34%,2.29%,2.28%,2.07%,2.31%,2.31%,2.77%,2.94%,4.78%,4.50%,4.52%,4.52%,4.06%,3.82%,3.87%,4.18%,3.49%,3.49%,2.82%,3.54%,0.85%,1.07%,1.43%,1.43%,1.69%,2.26%,1.99%,1.58%,1.33%,1.33%,3.42%,3.17%,4.75%,5.18%,4.81%,4.81%,4.11%,3.94%,3.90%,4.26%,4.39%,4.39%,2.02%,1.53%,0.97%,0.52%,0.19%,0.19%,0.38%,0.77%,1.50%,0.76%,1.04%,1.04%,-0.40%,-0.40%
201,Tuinproducten (ND),3.94%,2.63%,2.75%,2.82%,2.50%,2.51%,2.70%,2.21%,2.36%,2.28%,2.39%,0.96%,1.45%,1.04%,0.51%,-0.00%,0.47%,0.15%,0.08%,0.44%,0.43%,0.58%,0.34%,0.23%,0.55%,0.93%,1.04%,1.40%,1.28%,1.70%,1.95%,1.81%,1.76%,1.69%,1.78%,2.42%,1.81%,3.22%,3.23%,3.06%,3.23%,3.31%,3.13%,3.41%,3.59%,3.52%,3.44%,3.52%,3.86%,2.40%,3.11%,3.34%,3.11%,2.57%,2.45%,1.87%,1.48%,1.48%,1.54%,0.95%,1.16%,1.77%,0.99%,1.11%,0.90%,1.16%,1.09%,1.68%,2.04%,2.16%,2.35%,2.73%,4.19%,6.47%,7.53%,7.56%,8.41%,8.45%,9.13%,9.58%,9.79%,10.2%,11.4%,13.3%,15.1%,12.9%,12.5%,13.0%,11.4%,11.5%,10.7%,10.0%,9.80%,8.92%,7.25%,4.56%,0.71%,0.24%,-0.10%,-0.99%,-0.08%,-0.39%,0.00%,-0.22%,-0.32%,0.13%,0.39%,0.80%,0.72%,0.37%,0.12%,0.18%,0.35%,0.71%,0.97%,1.15%,1.58%,1.66%,1.81%,1.99%,1.99%
202,Tweedehandsauto’s (D),.,.,.,.,.,.,.,.,.,.,.,.,.,.,.,.,.,.,.,.,.,.,.,.,.,.,.,.,.,.,.,.,.,.,.,.,.,.,.,.,.,.,.,.,.,3.53%,3.18%,2.18%,2.95%,2.61%,3.57%,3.73%,4.65%,4.19%,5.25%,6.05%,5.56%,4.85%,5.07%,4.70%,5.55%,6.32%,6.43%,6.93%,7.13%,9.94%,9.08%,10.2%,7.93%,15.0%,16.6%,17.7%,19.2%,20.1%,20.1%,19.9%,20.5%,17.1%,18.9%,16.6%,20.0%,13.1%,11.9%,10.7%,10.2%,8.40%,8.44%,7.52%,6.52%,6.22%,4.60%,3.67%,3.16%,2.10%,1.39%,0.77%,0.24%,0.38%,-0.70%,0.18%,-0.05%,0.53%,1.06%,0.99%,0.63%,1.47%,2.72%,3.73%,3.65%,2.99%,3.99%,3.32%,2.38%,2.71%,3.15%,4.12%,4.22%,5.06%,4.21%,3.49%,3.49%
203,"Vakantiecentra, kampeerterreinen, jeugdherbergen en dergelijke (S)",14.0%,6.12%,4.92%,1.26%,0.64%,7.21%,4.78%,-1.05%,8.63%,-4.03%,14.4%,9.06%,5.26%,12.1%,8.20%,17.7%,13.1%,10.3%,13.2%,24.9%,5.22%,30.2%,14.6%,11.8%,9.47%,-1.17%,5.86%,0.14%,6.05%,7.38%,4.98%,1.79%,7.89%,6.01%,-8.21%,-4.02%,12.0%,22.2%,6.24%,25.9%,11.1%,10.0%,5.73%,7.38%,3.21%,0.51%,3.56%,1.58%,-11.5%,-11.8%,-11.9%,-13.0%,-7.97%,-15.6%,-14.0%,-14.8%,-14.3%,-11.9%,-11.9%,-11.9%,-11.9%,-11.5%,-11.4%,-11.7%,-2.83%,6.14%,13.7%,1.97%,11.3%,11.6%,15.2%,22.0%,24.6%,26.1%,32.7%,19.1%,10.7%,9.75%,4.19%,17.7%,6.28%,6.61%,17.5%,7.95%,8.91%,2.54%,18.6%,12.8%,18.1%,17.1%,26.7%,18.6%,23.9%,20.6%,9.48%,5.25%,11.4%,6.36%,-0.70%,3.49%,4.85%,3.66%,-3.11%,-1.35%,5.62%,-2.02%,-4.18%,3.69%,4.05%,11.2%,1.75%,9.18%,4.76%,10.8%,-0.00%,11.5%,1.94%,1.79%,16.0%,11.3%,11.3%
204,Vaste communicatiediensten (S),8.67%,8.67%,8.57%,8.57%,5.55%,3.91%,3.91%,3.91%,3.89%,3.89%,6.33%,4.25%,4.27%,4.27%,4.52%,4.52%,1.11%,1.88%,1.88%,1.88%,1.92%,1.92%,6.43%,6.29%,6.30%,6.30%,6.02%,6.02%,6.02%,7.05%,7.05%,7.05%,6.84%,6.84%,0.78%,0.84%,0.81%,0.81%,0.83%,0.83%,0.83%,0.40%,0.40%,0.40%,0.38%,0.38%,1.23%,1.02%,-6.21%,-13.4%,-5.64%,1.77%,1.77%,1.83%,1.83%,1.83%,1.98%,1.98%,1.49%,1.67%,12.1%,21.5%,11.2%,3.13%,3.13%,3.15%,3.15%,3.15%,3.18%,3.18%,3.95%,3.95%,1.53%,1.53%,3.98%,2.01%,2.01%,2.22%,2.22%,2.22%,2.22%,2.37%,5.23%,5.23%,5.23%,5.23%,2.94%,5.32%,12.9%,12.9%,13.0%,13.0%,13.0%,12.8%,13.7%,13.7%,13.6%,13.6%,13.6%,13.4%,5.77%,5.77%,5.53%,5.53%,5.53%,5.58%,5.11%,5.11%,5.18%,5.18%,5.48%,5.36%,5.36%,5.36%,5.48%,5.48%,5.48%,5.48%,4.91%,4.91%,4.91%
205,Verhuizing en opslag (S),1.18%,0.75%,0.97%,1.03%,1.02%,1.26%,1.37%,1.41%,1.62%,1.53%,1.85%,1.17%,1.09%,1.12%,1.35%,1.59%,2.37%,2.13%,1.64%,1.68%,1.51%,1.11%,1.25%,2.30%,2.29%,2.54%,2.13%,1.74%,0.98%,1.09%,1.09%,0.89%,0.85%,1.12%,0.74%,1.17%,1.11%,1.24%,1.54%,1.63%,1.73%,1.82%,1.82%,2.27%,2.69%,2.73%,3.02%,2.47%,2.42%,2.04%,1.34%,1.18%,1.09%,1.07%,1.07%,0.98%,0.63%,0.53%,0.28%,0.09%,0.17%,0.98%,1.41%,1.57%,1.00%,0.96%,1.74%,1.69%,1.18%,1.65%,2.77%,2.98%,3.98%,4.53%,4.43%,4.56%,5.28%,5.13%,4.39%,4.48%,5.09%,4.81%,4.64%,4.65%,4.85%,3.93%,4.24%,4.72%,4.81%,4.69%,5.74%,5.60%,6.08%,5.89%,6.75%,6.76%,5.89%,5.53%,5.38%,5.05%,4.90%,5.70%,4.57%,4.64%,4.16%,4.59%,3.32%,3.34%,3.22%,3.64%,3.61%,2.97%,2.83%,2.24%,2.99%,2.77%,1.85%,1.73%,1.14%,2.02%,2.02%
206,Verhuur van privévoertuigen zonder chauffeur (S),0.31%,0.31%,0.47%,0.47%,0.47%,0.47%,0.47%,0.47%,3.98%,3.98%,3.98%,3.98%,3.98%,3.98%,0.31%,0.31%,0.31%,0.31%,0.31%,0.31%,-0.86%,-0.86%,-0.86%,-0.86%,-0.86%,-0.86%,6.13%,6.13%,6.13%,6.13%,6.13%,6.13%,1.58%,1.58%,1.58%,1.58%,1.58%,1.58%,-0.08%,-0.08%,-0.08%,-0.08%,-0.08%,-0.08%,2.80%,2.80%,2.80%,2.80%,2.80%,2.80%,3.70%,3.70%,3.70%,3.70%,3.70%,3.70%,2.95%,2.95%,2.95%,2.95%,2.95%,2.95%,4.08%,4.08%,4.08%,4.08%,4.08%,4.08%,10.1%,10.1%,10.1%,10.1%,10.1%,10.1%,9.23%,9.23%,9.23%,9.23%,9.23%,9.23%,9.60%,9.60%,9.60%,9.60%,9.60%,9.60%,9.03%,9.03%,9.03%,9.03%,9.03%,9.03%,3.08%,3.08%,3.08%,3.08%,3.08%,3.08%,2.51%,2.51%,2.51%,2.51%,2.51%,2.51%,3.42%,3.42%,3.42%,3.42%,3.42%,3.42%,4.44%,4.44%,4.44%,4.44%,4.44%,4.44%,5.20%,5.20%,5.20%,5.20%,5.20%
207,Verlichtingsapparatuur (D),2.00%,1.74%,1.83%,1.75%,1.67%,1.59%,1.51%,1.03%,1.06%,0.70%,0.73%,0.95%,0.86%,1.25%,0.88%,1.19%,1.32%,1.16%,1.23%,1.56%,1.57%,1.48%,1.67%,1.19%,0.92%,0.94%,1.22%,0.51%,0.50%,1.02%,0.94%,-0.02%,0.42%,0.57%,0.23%,0.24%,0.72%,0.95%,0.73%,1.14%,1.14%,0.55%,0.86%,1.04%,0.72%,0.67%,0.67%,0.67%,0.28%,-0.18%,-0.21%,-0.54%,-0.51%,-0.33%,-0.55%,-0.47%,-0.56%,-0.01%,-0.01%,0.14%,0.44%,0.71%,0.90%,1.29%,1.26%,1.15%,1.48%,1.97%,2.08%,1.70%,1.70%,1.84%,3.40%,3.95%,4.25%,4.07%,4.07%,5.08%,4.97%,5.19%,6.16%,6.19%,6.19%,6.09%,6.08%,5.99%,5.23%,5.53%,5.53%,4.65%,4.66%,4.13%,3.18%,3.04%,3.04%,2.28%,0.61%,-0.03%,0.15%,-1.25%,-1.25%,-1.29%,-1.66%,-1.56%,-1.62%,-1.72%,-1.72%,-1.19%,-0.87%,-0.77%,-0.72%,0.97%,0.80%,1.04%,0.99%,1.56%,-0.30%,0.39%,0.39%,0.30%,0.30%
208,Verwarming en airconditioners (D),3.79%,4.34%,5.11%,6.02%,5.71%,5.37%,4.15%,3.57%,3.18%,2.43%,2.61%,1.22%,0.64%,1.20%,0.60%,-0.44%,-0.40%,-0.35%,0.16%,-0.05%,-0.93%,-0.97%,-1.51%,-0.94%,-1.20%,-1.40%,-1.36%,-1.06%,-0.83%,-1.12%,-1.13%,-1.03%,-0.37%,-0.34%,-0.35%,-1.14%,-2.62%,-2.66%,-2.42%,-2.11%,-1.13%,0.06%,0.35%,0.09%,0.35%,0.04%,-1.11%,-0.92%,-0.30%,-0.35%,-0.86%,-2.01%,-3.47%,-4.39%,-2.65%,-1.50%,-1.64%,-1.41%,0.11%,2.09%,4.12%,3.96%,4.38%,5.42%,5.94%,6.82%,5.03%,4.32%,4.76%,5.65%,5.65%,2.97%,1.60%,2.27%,2.54%,2.25%,2.25%,2.97%,4.02%,7.23%,9.06%,9.55%,9.55%,11.2%,11.8%,11.0%,10.4%,9.90%,9.90%,8.26%,6.56%,2.64%,0.59%,-0.61%,-0.61%,-3.20%,-3.77%,-4.45%,-4.34%,-2.79%,-2.79%,-1.94%,-1.89%,-1.80%,-2.03%,-1.97%,-1.97%,-0.91%,-0.11%,0.47%,1.26%,0.89%,0.89%,-0.00%,-0.47%,-0.80%,-0.46%,-0.05%,-0.05%,-0.21%,-0.21%
209,Verzekeringen in verband met de woning (S),1.38%,1.38%,2.46%,1.82%,1.63%,1.63%,1.63%,1.63%,1.63%,2.01%,2.81%,2.81%,2.81%,2.81%,1.72%,2.63%,3.56%,3.56%,3.56%,3.56%,3.56%,3.18%,3.99%,3.99%,3.99%,3.99%,3.99%,3.25%,3.33%,3.33%,3.33%,3.33%,3.33%,3.33%,4.80%,4.80%,4.80%,4.80%,5.11%,4.93%,4.34%,4.34%,4.34%,4.34%,4.34%,4.28%,3.21%,3.21%,3.21%,3.21%,3.20%,3.20%,3.65%,3.65%,3.65%,3.65%,3.65%,4.20%,3.78%,3.78%,3.78%,3.78%,3.67%,3.67%,4.33%,4.33%,4.33%,4.33%,4.33%,3.78%,5.72%,5.72%,5.72%,7.02%,6.84%,6.84%,9.93%,9.93%,9.93%,9.93%,10.6%,10.7%,12.9%,12.9%,12.9%,11.5%,13.4%,13.4%,10.7%,10.7%,10.7%,10.7%,10.2%,10.2%,5.63%,5.63%,5.63%,5.63%,3.88%,3.88%,1.74%,1.74%,3.32%,3.32%,3.62%,3.62%,2.72%,2.72%,2.72%,2.72%,2.72%,3.23%,3.42%,3.42%,1.85%,1.85%,1.36%,2.37%,2.37%,2.37%,2.37%
210,Verzekeringen in verband met gezondheid (S),2.49%,2.49%,2.49%,2.49%,2.49%,2.49%,2.49%,2.49%,2.49%,2.49%,3.72%,3.76%,3.76%,3.76%,3.76%,3.76%,3.76%,3.76%,3.76%,3.76%,3.76%,3.76%,3.16%,3.30%,3.30%,3.30%,3.30%,3.30%,3.30%,3.30%,3.30%,3.30%,3.30%,3.30%,6.32%,6.12%,6.12%,6.12%,6.12%,6.12%,6.12%,6.12%,6.12%,6.12%,6.12%,6.12%,2.85%,2.85%,2.85%,2.85%,2.85%,2.85%,2.85%,2.85%,2.85%,2.85%,2.85%,2.85%,2.16%,2.16%,2.16%,2.16%,2.16%,2.16%,2.16%,2.16%,2.16%,2.16%,2.16%,2.16%,6.56%,6.56%,6.56%,6.56%,6.56%,6.56%,6.56%,6.56%,6.56%,6.56%,6.56%,6.56%,7.50%,7.50%,7.50%,7.50%,7.50%,7.50%,7.50%,7.50%,7.50%,7.50%,7.50%,7.50%,3.05%,3.05%,3.05%,3.05%,3.05%,3.05%,3.05%,3.05%,3.05%,3.05%,3.05%,3.05%,3.27%,3.27%,3.27%,3.27%,3.27%,3.27%,3.27%,3.27%,3.27%,3.27%,3.27%,3.27%,2.39%,2.39%,2.39%
211,Verzekeringen voor privévoertuigen (S),0.22%,0.22%,0.13%,0.11%,0.11%,-0.07%,-0.28%,-0.28%,-0.63%,-0.63%,-0.63%,-0.72%,-0.72%,-0.72%,-0.32%,-0.32%,-0.32%,-0.14%,-0.51%,-0.51%,-0.16%,-0.29%,-0.29%,-0.95%,-0.95%,-0.95%,-1.25%,-1.94%,-1.94%,-1.94%,-2.00%,-2.00%,-2.44%,-2.31%,-2.31%,-1.90%,-1.90%,-1.90%,-1.90%,-1.87%,-1.87%,-1.87%,-1.54%,-1.54%,-1.29%,-1.29%,-1.29%,-0.96%,-1.12%,-1.12%,-1.34%,-0.68%,-0.68%,-1.01%,-0.90%,-0.90%,-0.73%,-0.73%,-0.73%,-0.48%,-0.32%,-0.32%,3.15%,3.15%,3.15%,3.33%,3.33%,3.33%,3.16%,3.16%,3.16%,-0.44%,-0.44%,-0.44%,-3.30%,-3.30%,-3.30%,-3.31%,-3.31%,-3.31%,-2.68%,-2.68%,-2.68%,-0.06%,-0.06%,-0.06%,-0.36%,0.00%,0.00%,0.16%,0.16%,0.55%,0.09%,0.75%,0.75%,1.41%,2.06%,2.06%,2.06%,2.02%,2.02%,2.02%,2.02%,2.99%,2.91%,2.23%,2.23%,2.23%,1.72%,1.72%,2.12%,1.78%,1.78%,1.78%,1.78%,0.07%,0.15%,0.99%,0.99%,0.99%,0.99%
212,"Vis, gedroogd, gezouten, gepekeld of gerookt (ND)",0.82%,2.38%,1.14%,2.69%,2.56%,3.08%,5.85%,6.56%,6.33%,6.80%,4.92%,13.9%,13.7%,13.3%,14.5%,13.3%,11.4%,13.5%,12.4%,10.4%,7.56%,11.4%,8.30%,3.73%,2.90%,3.18%,2.89%,2.15%,4.40%,0.30%,-0.59%,0.13%,3.17%,-5.34%,0.76%,-2.26%,-1.80%,-3.68%,-5.40%,-3.62%,-6.56%,-3.18%,-5.32%,-3.67%,-2.83%,-3.76%,-7.85%,-2.02%,0.36%,0.13%,2.44%,-0.26%,3.97%,1.75%,0.33%,-4.83%,-1.11%,3.75%,-5.08%,-1.82%,-4.03%,-3.04%,-5.99%,-2.81%,-3.86%,-3.46%,-2.27%,3.58%,-3.11%,1.32%,-0.90%,7.32%,6.00%,6.79%,8.13%,13.0%,15.8%,18.5%,22.2%,16.5%,22.1%,22.3%,18.5%,22.8%,26.9%,18.9%,19.8%,13.7%,15.4%,11.4%,12.5%,12.4%,10.0%,12.3%,38.5%,11.9%,10.5%,11.5%,14.9%,10.7%,8.32%,12.3%,8.06%,10.9%,9.49%,3.30%,2.86%,4.69%,4.89%,3.15%,4.12%,6.13%,3.28%,-0.31%,0.02%,-1.29%,1.89%,3.22%,-1.25%,-0.82%,-0.82%
213,"Vis, levend, vers, gekoeld of bevroren (ND)",4.29%,8.74%,6.42%,7.89%,8.07%,9.23%,8.13%,9.63%,10.4%,10.0%,12.2%,12.0%,12.1%,8.30%,9.88%,7.32%,10.5%,7.97%,7.25%,5.55%,5.53%,5.04%,2.51%,2.70%,4.62%,2.97%,5.15%,5.54%,2.53%,-1.38%,2.62%,4.07%,3.65%,1.72%,6.21%,5.28%,-1.16%,2.15%,3.74%,2.03%,3.99%,6.65%,3.85%,1.27%,2.19%,4.96%,2.06%,4.96%,4.34%,4.39%,3.65%,0.57%,0.42%,-0.67%,4.09%,3.15%,2.29%,-0.07%,-1.44%,-2.34%,-0.51%,-1.10%,-2.43%,0.37%,0.80%,0.51%,-1.45%,0.51%,-0.06%,2.63%,4.47%,2.74%,6.74%,8.78%,10.3%,11.5%,10.7%,12.1%,12.0%,11.9%,12.7%,12.4%,18.8%,15.6%,17.6%,15.5%,13.4%,15.2%,13.4%,13.2%,11.4%,11.0%,10.6%,6.47%,1.77%,-1.01%,1.57%,-6.38%,-2.13%,-7.07%,-4.49%,-4.67%,-3.07%,-5.34%,-3.82%,-0.49%,-0.18%,2.93%,0.76%,2.64%,-0.38%,2.72%,1.10%,-0.29%,0.45%,3.84%,2.42%,2.50%,-0.18%,2.73%,2.73%
214,Visbereidingen (ND),-0.65%,1.15%,1.15%,1.34%,1.41%,2.74%,1.51%,2.22%,2.88%,2.82%,4.04%,3.56%,3.98%,3.44%,3.69%,3.14%,3.29%,3.10%,2.42%,2.77%,0.04%,2.49%,1.53%,1.63%,3.12%,1.91%,2.54%,3.28%,3.82%,1.09%,2.52%,2.64%,3.12%,2.48%,2.18%,2.11%,-0.55%,-0.15%,-0.31%,-0.28%,-0.30%,3.10%,0.96%,2.22%,3.72%,2.28%,2.59%,2.05%,3.45%,3.22%,3.39%,2.39%,2.08%,3.86%,1.87%,2.13%,0.66%,1.50%,1.76%,-0.27%,0.40%,-0.50%,-0.12%,-0.65%,-0.40%,-1.45%,0.07%,-0.89%,0.54%,0.19%,1.38%,1.90%,2.90%,3.14%,4.57%,6.48%,6.38%,6.69%,6.66%,8.68%,10.4%,10.2%,10.7%,11.4%,12.4%,11.2%,10.3%,10.4%,8.52%,10.6%,11.8%,5.53%,7.82%,6.59%,6.68%,7.33%,4.98%,3.81%,3.80%,3.52%,4.34%,1.62%,2.52%,5.08%,2.51%,3.50%,2.26%,2.25%,2.35%,2.82%,1.28%,1.29%,1.19%,0.66%,-0.05%,0.31%,1.48%,-0.35%,0.08%,3.05%,3.05%
215,"Vlees, gedroogd, gezouten, gepekeld of gerookt (ND)",0.70%,0.86%,0.57%,1.24%,0.94%,0.59%,1.10%,0.90%,0.70%,0.91%,0.98%,0.88%,0.59%,0.27%,0.48%,-0.14%,0.31%,1.51%,1.14%,2.03%,1.72%,1.28%,2.58%,1.58%,2.19%,3.20%,2.72%,2.84%,2.91%,0.41%,0.62%,0.58%,0.90%,0.34%,-0.18%,0.97%,0.18%,0.07%,0.06%,-0.06%,0.22%,1.98%,1.46%,1.16%,1.91%,2.26%,1.76%,3.31%,3.66%,4.26%,5.40%,4.49%,4.54%,4.76%,4.23%,5.10%,4.51%,3.74%,4.21%,2.44%,2.25%,1.15%,0.50%,0.87%,0.23%,1.07%,0.84%,0.53%,0.54%,0.98%,1.19%,2.01%,1.86%,3.18%,4.34%,7.88%,8.85%,9.87%,8.76%,12.1%,13.9%,14.0%,15.0%,15.7%,15.9%,16.6%,14.9%,12.1%,11.9%,11.4%,11.5%,8.06%,7.87%,7.05%,8.31%,6.57%,7.38%,2.53%,4.15%,3.00%,2.38%,1.25%,2.67%,1.79%,0.36%,1.61%,1.01%,0.53%,0.23%,0.72%,-0.03%,0.95%,1.26%,0.83%,1.46%,1.12%,1.81%,1.79%,-0.99%,-0.69%,-0.69%
216,"Vlees, vers, gekoeld of bevroren (ND)",1.17%,1.37%,1.07%,0.30%,0.57%,0.27%,0.45%,1.08%,2.22%,1.24%,1.30%,1.59%,0.28%,1.05%,1.57%,0.74%,0.12%,1.35%,1.42%,0.13%,0.35%,1.65%,0.33%,0.55%,1.48%,0.75%,1.02%,2.01%,1.36%,0.85%,0.93%,1.28%,0.60%,0.58%,1.48%,1.17%,0.60%,1.01%,1.72%,1.81%,2.08%,1.69%,-0.45%,1.32%,1.69%,1.62%,2.52%,1.29%,2.43%,4.58%,2.16%,1.42%,2.04%,2.40%,3.35%,2.66%,1.80%,1.06%,0.35%,0.27%,-0.18%,-0.55%,-0.64%,-0.54%,0.15%,0.77%,0.78%,0.54%,0.73%,0.71%,1.76%,3.78%,4.76%,5.69%,6.88%,8.77%,10.2%,11.3%,11.3%,12.8%,14.2%,12.9%,13.2%,14.7%,15.5%,12.7%,13.3%,11.5%,10.3%,8.63%,8.94%,8.40%,7.66%,6.07%,4.97%,2.81%,1.10%,-0.72%,-0.28%,-1.08%,-0.85%,-0.91%,-0.75%,-1.55%,-1.37%,1.57%,2.85%,3.24%,3.25%,4.40%,4.79%,7.69%,8.18%,9.31%,10.6%,9.74%,9.64%,9.31%,6.00%,7.23%,7.23%
217,Vloeibaar gemaakte koolwaterstoffen (ND),-15.0%,-9.27%,-8.18%,-3.03%,-5.58%,-6.15%,-2.97%,-3.85%,-1.25%,1.26%,15.1%,21.6%,17.1%,9.34%,7.48%,5.77%,5.61%,8.55%,13.1%,19.6%,19.3%,17.0%,12.1%,5.93%,7.61%,15.7%,19.5%,22.1%,25.8%,26.3%,20.1%,15.9%,9.17%,7.13%,4.91%,5.67%,6.23%,6.56%,4.87%,0.91%,-0.55%,-3.68%,-6.23%,-6.57%,-3.58%,0.32%,5.97%,3.29%,-0.70%,-4.57%,-3.25%,-1.00%,0.36%,2.64%,3.82%,2.92%,2.72%,0.16%,0.72%,5.17%,13.2%,16.1%,13.4%,12.0%,15.0%,14.8%,16.8%,24.9%,29.6%,28.0%,20.6%,18.8%,27.9%,34.7%,26.4%,21.0%,15.9%,15.4%,13.2%,3.84%,-1.42%,-1.96%,-1.01%,3.34%,-2.99%,-9.81%,-5.24%,-3.34%,-2.58%,-1.43%,1.86%,4.56%,5.03%,7.22%,8.24%,5.60%,0.68%,2.20%,3.88%,5.65%,6.01%,4.11%,0.71%,1.63%,5.76%,5.69%,5.65%,4.32%,3.41%,1.74%,-0.72%,0.71%,1.11%,1.43%,1.42%,-2.26%,-6.09%,-6.29%,-6.26%,-5.17%,-5.17%
218,Vloeibare brandstoffen (ND),-27.1%,-27.7%,-28.4%,-28.6%,-28.4%,-27.8%,-25.6%,-22.5%,-19.9%,-15.0%,-8.35%,-0.33%,3.74%,7.88%,11.0%,12.4%,13.9%,15.7%,17.9%,18.7%,21.4%,19.7%,15.2%,10.8%,9.19%,7.99%,8.80%,10.5%,12.0%,12.7%,14.6%,17.5%,17.8%,17.7%,16.7%,17.3%,17.9%,17.9%,16.6%,14.4%,12.5%,10.7%,6.85%,1.77%,-1.46%,-1.93%,-0.75%,-2.36%,-4.67%,-7.63%,-10.9%,-12.2%,-13.5%,-14.6%,-17.6%,-20.5%,-23.7%,-27.7%,-31.7%,-32.2%,-30.3%,-26.9%,-22.1%,-19.0%,-15.9%,-13.0%,-4.74%,7.44%,20.9%,33.3%,47.1%,57.6%,62.7%,57.8%,61.2%,65.6%,68.9%,52.6%,56.3%,57.7%,51.0%,50.0%,46.7%,40.5%,33.1%,38.0%,27.5%,18.1%,10.9%,35.6%,24.6%,11.3%,5.86%,0.22%,-4.40%,-4.99%,-3.98%,-6.14%,-2.89%,0.09%,2.87%,-9.27%,-10.6%,-10.1%,-9.36%,-9.15%,-7.60%,-8.92%,-9.62%,-11.2%,-12.9%,-13.6%,-14.4%,-14.2%,-11.6%,-9.55%,-7.52%,-7.29%,-9.28%,-9.53%,-9.53%
219,"Vruchtdragende groenten, vers of gekoeld (ND)",-0.79%,0.50%,4.38%,2.55%,4.96%,8.67%,2.68%,-4.05%,-2.26%,7.10%,12.4%,19.0%,13.3%,-4.66%,-3.86%,-2.39%,-4.61%,-4.14%,-4.09%,-3.10%,-3.55%,-5.24%,-7.98%,-14.7%,-11.7%,-2.92%,-5.45%,-2.38%,1.06%,-1.12%,5.57%,3.74%,3.40%,3.97%,3.58%,6.19%,4.94%,2.09%,5.53%,6.91%,4.18%,6.10%,0.42%,-2.74%,-4.00%,-4.12%,-2.46%,-0.54%,2.29%,6.96%,8.90%,9.01%,8.38%,5.05%,4.29%,8.31%,7.49%,2.97%,-2.73%,-1.27%,-3.15%,-4.71%,-5.98%,-7.50%,-3.76%,-2.18%,-0.86%,-3.30%,-2.48%,0.92%,3.06%,1.74%,3.81%,2.26%,4.95%,5.89%,5.77%,4.69%,4.97%,11.8%,16.3%,16.1%,14.8%,16.0%,23.1%,23.9%,23.8%,20.3%,20.5%,22.3%,15.3%,8.94%,8.89%,8.44%,11.1%,8.41%,-2.37%,-6.31%,-6.53%,-1.53%,-1.92%,-2.48%,2.89%,5.15%,3.49%,2.34%,2.09%,-0.25%,1.07%,-1.49%,-0.27%,0.40%,0.26%,0.73%,1.30%,-1.34%,-2.31%,-2.18%,-3.35%,-3.79%,-3.79%
220,"Vruchten en noten, gemalen, en in andere bereidingen (ND)",3.26%,2.45%,3.21%,4.59%,4.56%,3.76%,3.83%,4.17%,6.56%,6.32%,5.75%,3.14%,3.66%,2.76%,3.74%,1.63%,2.34%,2.37%,0.30%,-1.21%,-0.17%,-1.42%,0.55%,0.78%,1.29%,2.72%,1.27%,1.55%,0.22%,0.16%,1.22%,2.91%,-0.10%,1.91%,0.52%,0.75%,-0.98%,-3.38%,-1.73%,0.06%,-0.49%,0.85%,-0.33%,-2.34%,-0.14%,-2.31%,-0.65%,2.59%,-1.69%,1.45%,1.48%,-2.23%,-2.46%,-1.51%,-2.49%,-0.55%,-2.27%,-4.48%,-1.76%,-2.51%,-1.15%,-2.74%,-2.93%,-3.09%,-2.03%,1.01%,-4.38%,-1.90%,-0.05%,0.38%,1.36%,4.63%,3.21%,3.52%,6.74%,9.84%,6.71%,11.6%,8.91%,12.0%,14.1%,14.7%,17.6%,17.4%,18.0%,21.6%,16.5%,14.8%,12.5%,11.8%,12.1%,8.57%,4.88%,5.92%,1.19%,-5.53%,-0.24%,-4.21%,-6.65%,-3.20%,-1.73%,-6.44%,-0.04%,0.30%,-2.77%,1.66%,2.88%,2.03%,3.33%,4.07%,5.45%,4.97%,5.61%,5.29%,5.81%,3.84%,8.50%,7.37%,2.06%,4.70%,4.70%
221,"Vruchten, gedroogd en gedehydrateerd (ND)",4.23%,4.47%,5.63%,5.59%,5.13%,4.76%,4.02%,4.27%,2.47%,2.01%,2.16%,0.90%,1.48%,0.01%,-0.99%,-1.21%,-0.47%,0.10%,0.72%,-0.46%,0.91%,0.79%,0.22%,-0.94%,-1.56%,-1.20%,-0.51%,-1.17%,-1.07%,-3.44%,-1.93%,-1.04%,-2.42%,-3.64%,-1.56%,-1.42%,-1.72%,-0.67%,-2.88%,-3.35%,-4.00%,-1.87%,-2.93%,-4.16%,-3.57%,-4.76%,-2.63%,-2.41%,-4.31%,-1.54%,-1.35%,-0.19%,-0.01%,0.75%,-1.86%,-2.50%,0.36%,0.13%,-4.47%,-3.69%,-1.70%,-4.53%,-4.44%,-4.71%,-4.05%,-4.31%,-2.23%,-1.39%,-2.94%,-0.13%,0.74%,2.32%,2.71%,2.30%,3.15%,3.33%,1.72%,3.65%,3.01%,2.95%,5.34%,7.02%,6.73%,9.70%,7.46%,6.39%,7.71%,6.85%,6.87%,4.91%,5.40%,3.40%,3.09%,0.10%,1.27%,-3.91%,-3.48%,-6.10%,-3.62%,-2.60%,-1.71%,-0.65%,-1.83%,0.22%,-2.92%,0.67%,-0.12%,0.88%,2.20%,5.90%,0.94%,3.17%,1.98%,1.86%,0.72%,2.91%,3.02%,2.17%,9.10%,1.94%,1.94%
222,Wasserijen en stomerijen (S),2.95%,2.98%,2.93%,2.91%,2.83%,2.68%,2.61%,2.65%,2.58%,2.53%,2.42%,2.12%,1.84%,1.63%,1.93%,1.52%,1.48%,1.44%,1.47%,1.49%,1.79%,1.82%,1.81%,2.03%,1.90%,2.14%,2.16%,2.17%,2.19%,2.30%,2.13%,2.17%,2.15%,2.20%,2.36%,1.96%,2.38%,2.37%,2.28%,2.34%,2.48%,2.39%,2.55%,2.65%,2.44%,2.40%,2.21%,2.72%,2.48%,2.17%,1.89%,1.91%,1.88%,2.29%,2.03%,1.74%,1.83%,1.84%,1.70%,1.23%,1.05%,0.98%,0.99%,1.24%,1.88%,1.42%,1.58%,1.98%,2.40%,2.36%,2.54%,2.73%,4.41%,5.42%,6.31%,6.38%,5.66%,5.78%,6.24%,6.84%,6.69%,7.56%,9.04%,9.05%,8.59%,8.70%,9.55%,10.3%,10.2%,10.1%,9.89%,9.36%,9.80%,9.31%,7.96%,7.94%,7.25%,7.01%,5.29%,4.21%,4.57%,4.64%,5.30%,5.42%,6.77%,6.39%,6.29%,6.30%,6.05%,5.73%,6.17%,6.16%,6.28%,6.43%,5.81%,5.33%,3.44%,3.56%,3.47%,3.55%,3.55%
223,Water (ND),2.68%,1.59%,1.95%,2.36%,3.42%,3.65%,2.81%,1.07%,1.93%,1.03%,0.76%,-0.25%,-0.12%,2.05%,0.58%,0.06%,-0.54%,0.63%,-0.31%,1.21%,-1.50%,1.16%,0.82%,1.45%,-1.31%,0.06%,0.76%,-0.51%,-0.27%,-2.04%,-0.03%,0.09%,1.36%,0.17%,0.71%,0.37%,3.05%,0.56%,0.95%,2.04%,0.85%,2.91%,0.95%,-1.32%,-0.52%,-1.34%,-1.43%,0.97%,0.72%,2.41%,0.48%,1.49%,2.25%,1.18%,-1.32%,2.17%,3.68%,2.25%,2.08%,-3.01%,-2.22%,-7.66%,-4.68%,-1.32%,-1.05%,-4.44%,-2.88%,-2.69%,-2.79%,0.22%,-0.74%,2.61%,3.60%,6.62%,3.94%,7.96%,7.93%,7.49%,10.4%,12.7%,13.5%,14.6%,13.6%,16.5%,15.2%,14.9%,17.6%,10.4%,10.5%,11.6%,6.66%,1.26%,2.86%,4.26%,6.76%,4.24%,1.66%,3.28%,-1.79%,-0.51%,-0.97%,2.65%,5.83%,5.75%,2.84%,-0.12%,0.83%,-0.21%,1.62%,-0.41%,1.71%,1.93%,0.58%,0.25%,-0.91%,0.55%,1.52%,-0.87%,-2.10%,4.54%,4.54%
224,Watervoorziening via netwerksystemen (ND),1.47%,1.47%,1.47%,1.47%,1.47%,1.47%,1.47%,1.47%,1.47%,1.47%,5.52%,5.52%,5.52%,5.52%,5.52%,5.52%,5.52%,5.52%,5.52%,5.52%,5.52%,5.52%,0.96%,1.01%,1.01%,1.01%,1.01%,1.01%,1.01%,1.01%,1.01%,1.01%,1.01%,1.01%,0.89%,0.85%,0.85%,0.85%,0.85%,0.85%,0.85%,0.85%,0.85%,0.85%,0.85%,0.85%,0.65%,0.65%,0.65%,0.65%,0.65%,0.65%,0.65%,0.65%,0.65%,0.65%,0.65%,0.65%,1.73%,1.73%,1.73%,1.73%,1.73%,1.79%,1.79%,1.79%,1.79%,1.79%,1.79%,1.79%,3.11%,3.32%,3.32%,3.32%,3.32%,3.47%,3.47%,3.47%,3.47%,3.47%,3.47%,3.47%,7.46%,8.93%,8.93%,8.93%,8.93%,8.70%,8.70%,8.70%,8.70%,8.70%,8.70%,8.70%,4.31%,2.78%,2.78%,2.78%,2.78%,2.78%,2.78%,2.78%,2.78%,2.78%,2.78%,2.78%,5.24%,11.0%,11.1%,11.1%,11.1%,11.1%,11.1%,11.1%,11.1%,11.1%,11.1%,11.1%,10.3%,4.96%,4.96%
225,Werkelijke huur betaald door huurders voor een tweede woning (S),.,.,.,.,.,.,.,.,.,.,.,.,.,.,.,.,.,.,.,.,.,.,.,.,.,.,.,.,.,.,.,.,.,.,.,.,.,.,.,.,.,.,.,.,.,4.71%,4.71%,4.71%,4.71%,4.71%,4.71%,4.71%,4.71%,4.71%,4.71%,4.96%,4.96%,4.96%,4.96%,4.96%,4.96%,4.96%,4.96%,4.96%,4.96%,4.96%,4.96%,4.58%,4.58%,4.58%,4.58%,4.58%,4.58%,4.58%,4.58%,4.58%,4.58%,4.58%,4.58%,6.91%,6.91%,6.91%,6.91%,6.91%,6.91%,6.91%,6.91%,6.91%,6.91%,6.91%,6.91%,8.06%,8.06%,8.06%,8.06%,8.06%,8.06%,8.06%,8.06%,8.06%,8.06%,8.06%,8.06%,2.73%,2.73%,2.73%,2.73%,2.73%,2.73%,2.73%,2.73%,2.73%,2.73%,2.73%,2.73%,2.54%,2.54%,2.54%,2.54%,2.54%,2.54%
226,Werkelijke huur betaald door huurders voor hoofdverblijf (S),0.93%,0.94%,0.97%,0.90%,0.92%,0.96%,0.99%,0.99%,0.89%,0.86%,0.94%,1.08%,1.05%,1.03%,1.04%,1.05%,1.04%,1.06%,1.05%,1.05%,1.08%,1.13%,1.16%,0.96%,0.98%,1.03%,1.02%,0.99%,1.03%,1.00%,1.00%,1.01%,0.96%,0.87%,0.96%,1.06%,0.99%,0.95%,1.04%,1.06%,1.03%,1.05%,1.05%,1.02%,1.03%,1.08%,2.70%,1.99%,2.43%,2.75%,2.59%,2.66%,2.19%,2.24%,2.50%,2.85%,2.79%,3.57%,1.34%,2.00%,1.66%,1.25%,1.88%,1.87%,1.85%,2.17%,2.35%,2.34%,2.16%,2.16%,2.03%,2.39%,2.55%,2.53%,2.85%,3.56%,3.70%,3.69%,3.83%,4.32%,4.86%,4.88%,5.88%,6.12%,6.08%,6.18%,6.20%,5.86%,6.03%,6.10%,5.26%,5.73%,5.55%,5.44%,5.82%,5.64%,5.53%,5.33%,4.99%,4.57%,4.51%,4.62%,4.62%,4.70%,4.62%,4.32%,3.46%,3.34%,3.30%,3.56%,3.66%,4.19%,4.29%,4.04%,4.05%,4.10%,4.00%,4.00%,3.62%,3.53%,3.53%
227,Wijn van andere bronnen (ND),4.94%,6.39%,2.85%,8.66%,2.66%,11.4%,9.14%,4.13%,9.89%,6.84%,8.68%,9.24%,-1.76%,7.28%,9.29%,3.25%,6.73%,1.11%,-4.66%,9.26%,1.38%,3.22%,4.05%,-3.86%,16.9%,-14.3%,6.79%,7.60%,7.07%,8.36%,11.5%,1.32%,5.41%,-3.27%,3.03%,12.2%,4.55%,23.4%,1.97%,0.32%,1.85%,-2.72%,10.1%,5.77%,5.64%,12.3%,4.55%,-0.46%,18.5%,6.59%,4.56%,10.0%,11.0%,6.95%,3.76%,5.65%,1.83%,3.14%,-0.84%,4.27%,1.37%,1.50%,5.34%,4.92%,2.63%,4.12%,0.65%,2.77%,4.43%,10.4%,5.89%,2.50%,2.70%,5.47%,1.99%,-0.17%,1.62%,5.80%,5.64%,4.39%,2.62%,8.29%,2.73%,6.77%,2.87%,8.89%,13.0%,10.7%,7.13%,8.70%,5.83%,6.93%,6.71%,11.0%,23.9%,30.4%,9.52%,17.1%,14.8%,18.9%,20.2%,18.6%,20.9%,21.6%,22.0%,3.96%,11.3%,2.99%,3.96%,0.70%,2.39%,1.87%,2.13%,0.81%,-1.74%,1.30%,2.48%,2.05%,-2.61%,-1.44%,-1.44%
228,Wijn van druiven (ND),7.31%,11.7%,10.8%,11.6%,10.9%,9.50%,7.00%,10.5%,6.55%,1.06%,0.09%,-1.55%,1.83%,-0.40%,1.57%,-0.66%,1.63%,1.44%,3.43%,-0.80%,-0.05%,3.46%,1.77%,4.77%,2.08%,2.46%,2.00%,3.43%,1.90%,3.49%,4.74%,2.86%,3.83%,3.32%,1.78%,1.87%,1.78%,2.15%,1.68%,-0.25%,1.27%,1.53%,0.05%,0.35%,0.83%,1.17%,0.82%,3.39%,4.42%,5.60%,5.94%,2.88%,0.78%,2.10%,5.31%,2.16%,2.40%,2.68%,0.88%,3.64%,0.59%,-1.60%,0.46%,-1.54%,-1.11%,0.73%,5.66%,0.14%,3.46%,0.41%,-0.13%,1.25%,1.79%,1.29%,2.21%,5.30%,3.67%,4.41%,7.65%,5.35%,7.62%,6.31%,4.92%,10.2%,4.84%,7.00%,5.12%,7.28%,5.92%,5.19%,9.70%,5.00%,9.48%,3.62%,10.3%,-0.93%,2.84%,1.78%,3.65%,1.31%,3.59%,1.28%,-14.4%,4.49%,-10.3%,2.34%,4.63%,-1.26%,1.15%,0.66%,-1.29%,1.12%,1.82%,0.55%,4.59%,1.29%,2.82%,0.69%,-0.76%,2.66%,2.66%
229,Yoghurt en soortgelijke producten (ND),0.50%,1.61%,0.90%,1.23%,1.12%,0.94%,-1.14%,-0.27%,-0.11%,-0.71%,0.42%,-0.04%,-0.76%,-1.13%,0.18%,-0.27%,-0.66%,2.05%,3.05%,3.48%,2.65%,4.39%,4.10%,6.70%,4.53%,6.09%,4.73%,3.06%,5.18%,3.51%,1.16%,1.18%,0.97%,1.63%,0.95%,1.67%,1.57%,-1.54%,-2.33%,2.98%,2.76%,0.80%,1.54%,2.80%,1.43%,-0.48%,1.22%,1.29%,2.56%,3.19%,5.65%,1.17%,-0.17%,3.42%,4.30%,2.85%,4.28%,2.85%,3.35%,0.99%,-0.07%,-0.76%,-1.34%,0.26%,0.58%,-0.50%,-1.99%,0.20%,0.47%,0.44%,1.46%,2.23%,7.10%,4.67%,6.73%,8.63%,9.41%,12.2%,16.5%,16.3%,20.1%,21.6%,25.9%,24.2%,23.7%,25.1%,23.5%,20.0%,18.6%,14.5%,12.7%,8.98%,5.26%,3.92%,0.12%,-0.16%,-2.56%,-5.53%,-5.29%,-4.27%,-3.97%,-3.95%,-4.00%,-3.18%,-3.68%,-0.66%,0.14%,1.68%,1.74%,2.95%,1.45%,0.81%,0.94%,1.13%,2.50%,0.78%,1.88%,0.67%,-3.18%,-3.67%,-3.67%
230,"Zout, samengestelde kruiderijen en sauzen (ND)",1.22%,2.94%,1.74%,2.84%,3.70%,3.19%,3.64%,4.02%,4.26%,2.90%,4.21%,3.28%,3.45%,1.88%,3.85%,2.38%,2.06%,1.76%,1.61%,0.56%,1.72%,1.33%,1.43%,-0.78%,-0.48%,-0.50%,-0.64%,0.20%,-0.24%,-0.55%,-0.25%,0.59%,-0.58%,0.81%,0.57%,0.51%,1.38%,0.24%,0.04%,0.03%,0.55%,1.63%,1.17%,0.32%,-0.04%,0.27%,-0.37%,1.15%,1.40%,1.80%,1.38%,0.34%,0.36%,1.09%,1.58%,0.81%,0.28%,-0.50%,1.53%,-1.88%,-1.38%,-1.42%,-2.41%,-0.15%,-0.43%,-0.77%,-0.75%,1.36%,0.31%,2.66%,2.31%,5.94%,5.29%,7.00%,6.24%,9.30%,10.3%,13.4%,9.97%,12.8%,15.2%,17.0%,18.4%,18.3%,21.2%,22.0%,19.7%,16.6%,14.5%,14.3%,11.7%,11.0%,8.76%,8.87%,10.4%,10.6%,3.59%,1.58%,0.40%,4.03%,3.21%,1.04%,5.61%,2.01%,3.84%,1.88%,1.04%,0.67%,3.51%,0.98%,6.98%,-1.23%,2.09%,0.30%,1.36%,1.01%,1.74%,1.09%,-1.74%,-2.90%,-2.90%
